query_id,canonical_target,gold_file,gold_line,gold_rank,hit@5,hit@10,hit@15,hit@20,rr@5,rr@10,rr@15,rr@20
L001-Q1,metadata/src/main/java/org/apache/kafka/controller/ReplicationControlManager.java:2055,metadata/src/main/java/org/apache/kafka/controller/ReplicationControlManager.java,2055,4,True,True,True,True,0.25,0.25,0.25,0.25
L001-Q2,metadata/src/main/java/org/apache/kafka/controller/ReplicationControlManager.java:2055,metadata/src/main/java/org/apache/kafka/controller/ReplicationControlManager.java,2055,92,False,False,False,False,0.0,0.0,0.0,0.0
L001-Q3,metadata/src/main/java/org/apache/kafka/controller/ReplicationControlManager.java:2055,metadata/src/main/java/org/apache/kafka/controller/ReplicationControlManager.java,2055,21,False,False,False,False,0.0,0.0,0.0,0.0
L002-Q1,core/src/main/scala/kafka/server/ReplicaManager.scala:2392,core/src/main/scala/kafka/server/ReplicaManager.scala,2392,12,False,False,True,True,0.0,0.0,0.08333333333333333,0.08333333333333333
L002-Q2,core/src/main/scala/kafka/server/ReplicaManager.scala:2392,core/src/main/scala/kafka/server/ReplicaManager.scala,2392,1,True,True,True,True,1.0,1.0,1.0,1.0
L002-Q3,core/src/main/scala/kafka/server/ReplicaManager.scala:2392,core/src/main/scala/kafka/server/ReplicaManager.scala,2392,1,True,True,True,True,1.0,1.0,1.0,1.0
L003-Q1,metadata/src/main/java/org/apache/kafka/controller/ReplicationControlManager.java:1266,metadata/src/main/java/org/apache/kafka/controller/ReplicationControlManager.java,1266,18,False,False,False,True,0.0,0.0,0.0,0.05555555555555555
L003-Q2,metadata/src/main/java/org/apache/kafka/controller/ReplicationControlManager.java:1266,metadata/src/main/java/org/apache/kafka/controller/ReplicationControlManager.java,1266,8,False,True,True,True,0.0,0.125,0.125,0.125
L003-Q3,metadata/src/main/java/org/apache/kafka/controller/ReplicationControlManager.java:1266,metadata/src/main/java/org/apache/kafka/controller/ReplicationControlManager.java,1266,9,False,True,True,True,0.0,0.1111111111111111,0.1111111111111111,0.1111111111111111
L004-Q1,metadata/src/main/java/org/apache/kafka/controller/BrokerHeartbeatManager.java:455,metadata/src/main/java/org/apache/kafka/controller/BrokerHeartbeatManager.java,455,1,True,True,True,True,1.0,1.0,1.0,1.0
L004-Q2,metadata/src/main/java/org/apache/kafka/controller/BrokerHeartbeatManager.java:455,metadata/src/main/java/org/apache/kafka/controller/BrokerHeartbeatManager.java,455,26,False,False,False,False,0.0,0.0,0.0,0.0
L004-Q3,metadata/src/main/java/org/apache/kafka/controller/BrokerHeartbeatManager.java:455,metadata/src/main/java/org/apache/kafka/controller/BrokerHeartbeatManager.java,455,1,True,True,True,True,1.0,1.0,1.0,1.0
L005-Q1,core/src/main/scala/kafka/server/ReplicaManager.scala:1407,core/src/main/scala/kafka/server/ReplicaManager.scala,1407,2,True,True,True,True,0.5,0.5,0.5,0.5
L005-Q2,core/src/main/scala/kafka/server/ReplicaManager.scala:1407,core/src/main/scala/kafka/server/ReplicaManager.scala,1407,21,False,False,False,False,0.0,0.0,0.0,0.0
L005-Q3,core/src/main/scala/kafka/server/ReplicaManager.scala:1407,core/src/main/scala/kafka/server/ReplicaManager.scala,1407,3,True,True,True,True,0.3333333333333333,0.3333333333333333,0.3333333333333333,0.3333333333333333
L006-Q1,metadata/src/main/java/org/apache/kafka/controller/PartitionChangeBuilder.java:450,metadata/src/main/java/org/apache/kafka/controller/PartitionChangeBuilder.java,450,1,True,True,True,True,1.0,1.0,1.0,1.0
L006-Q2,metadata/src/main/java/org/apache/kafka/controller/PartitionChangeBuilder.java:450,metadata/src/main/java/org/apache/kafka/controller/PartitionChangeBuilder.java,450,54,False,False,False,False,0.0,0.0,0.0,0.0
L006-Q3,metadata/src/main/java/org/apache/kafka/controller/PartitionChangeBuilder.java:450,metadata/src/main/java/org/apache/kafka/controller/PartitionChangeBuilder.java,450,1,True,True,True,True,1.0,1.0,1.0,1.0
L007-Q1,core/src/main/scala/kafka/server/BrokerLifecycleManager.scala:417,core/src/main/scala/kafka/server/BrokerLifecycleManager.scala,417,1,True,True,True,True,1.0,1.0,1.0,1.0
L007-Q2,core/src/main/scala/kafka/server/BrokerLifecycleManager.scala:417,core/src/main/scala/kafka/server/BrokerLifecycleManager.scala,417,1,True,True,True,True,1.0,1.0,1.0,1.0
L007-Q3,core/src/main/scala/kafka/server/BrokerLifecycleManager.scala:417,core/src/main/scala/kafka/server/BrokerLifecycleManager.scala,417,1,True,True,True,True,1.0,1.0,1.0,1.0
L008-Q1,core/src/main/scala/kafka/server/AbstractFetcherThread.scala:456,core/src/main/scala/kafka/server/AbstractFetcherThread.scala,456,1,True,True,True,True,1.0,1.0,1.0,1.0
L008-Q2,core/src/main/scala/kafka/server/AbstractFetcherThread.scala:456,core/src/main/scala/kafka/server/AbstractFetcherThread.scala,456,1,True,True,True,True,1.0,1.0,1.0,1.0
L008-Q3,core/src/main/scala/kafka/server/AbstractFetcherThread.scala:456,core/src/main/scala/kafka/server/AbstractFetcherThread.scala,456,1,True,True,True,True,1.0,1.0,1.0,1.0
L009-Q1,metadata/src/main/java/org/apache/kafka/controller/PeriodicTaskControlManager.java:178,metadata/src/main/java/org/apache/kafka/controller/PeriodicTaskControlManager.java,178,2,True,True,True,True,0.5,0.5,0.5,0.5
L009-Q2,metadata/src/main/java/org/apache/kafka/controller/PeriodicTaskControlManager.java:178,metadata/src/main/java/org/apache/kafka/controller/PeriodicTaskControlManager.java,178,14,False,False,True,True,0.0,0.0,0.07142857142857142,0.07142857142857142
L009-Q3,metadata/src/main/java/org/apache/kafka/controller/PeriodicTaskControlManager.java:178,metadata/src/main/java/org/apache/kafka/controller/PeriodicTaskControlManager.java,178,2,True,True,True,True,0.5,0.5,0.5,0.5
L010-Q1,core/src/main/scala/kafka/server/BrokerLifecycleManager.scala:471,core/src/main/scala/kafka/server/BrokerLifecycleManager.scala,471,3,True,True,True,True,0.3333333333333333,0.3333333333333333,0.3333333333333333,0.3333333333333333
L010-Q2,core/src/main/scala/kafka/server/BrokerLifecycleManager.scala:471,core/src/main/scala/kafka/server/BrokerLifecycleManager.scala,471,3,True,True,True,True,0.3333333333333333,0.3333333333333333,0.3333333333333333,0.3333333333333333
L010-Q3,core/src/main/scala/kafka/server/BrokerLifecycleManager.scala:471,core/src/main/scala/kafka/server/BrokerLifecycleManager.scala,471,1,True,True,True,True,1.0,1.0,1.0,1.0
L011-Q1,core/src/main/scala/kafka/server/ReplicaManager.scala:1317,core/src/main/scala/kafka/server/ReplicaManager.scala,1317,1,True,True,True,True,1.0,1.0,1.0,1.0
L011-Q2,core/src/main/scala/kafka/server/ReplicaManager.scala:1317,core/src/main/scala/kafka/server/ReplicaManager.scala,1317,1,True,True,True,True,1.0,1.0,1.0,1.0
L011-Q3,core/src/main/scala/kafka/server/ReplicaManager.scala:1317,core/src/main/scala/kafka/server/ReplicaManager.scala,1317,1,True,True,True,True,1.0,1.0,1.0,1.0
L012-Q1,metadata/src/main/java/org/apache/kafka/controller/BrokerHeartbeatManager.java:408,metadata/src/main/java/org/apache/kafka/controller/BrokerHeartbeatManager.java,408,31,False,False,False,False,0.0,0.0,0.0,0.0
L012-Q2,metadata/src/main/java/org/apache/kafka/controller/BrokerHeartbeatManager.java:408,metadata/src/main/java/org/apache/kafka/controller/BrokerHeartbeatManager.java,408,1,True,True,True,True,1.0,1.0,1.0,1.0
L012-Q3,metadata/src/main/java/org/apache/kafka/controller/BrokerHeartbeatManager.java:408,metadata/src/main/java/org/apache/kafka/controller/BrokerHeartbeatManager.java,408,1,True,True,True,True,1.0,1.0,1.0,1.0
L013-Q1,core/src/main/scala/kafka/network/SocketServer.scala:931,core/src/main/scala/kafka/network/SocketServer.scala,931,2,True,True,True,True,0.5,0.5,0.5,0.5
L013-Q2,core/src/main/scala/kafka/network/SocketServer.scala:931,core/src/main/scala/kafka/network/SocketServer.scala,931,3,True,True,True,True,0.3333333333333333,0.3333333333333333,0.3333333333333333,0.3333333333333333
L013-Q3,core/src/main/scala/kafka/network/SocketServer.scala:931,core/src/main/scala/kafka/network/SocketServer.scala,931,1,True,True,True,True,1.0,1.0,1.0,1.0
L014-Q1,core/src/main/scala/kafka/network/SocketServer.scala:994,core/src/main/scala/kafka/network/SocketServer.scala,994,2,True,True,True,True,0.5,0.5,0.5,0.5
L014-Q2,core/src/main/scala/kafka/network/SocketServer.scala:994,core/src/main/scala/kafka/network/SocketServer.scala,994,1,True,True,True,True,1.0,1.0,1.0,1.0
L014-Q3,core/src/main/scala/kafka/network/SocketServer.scala:994,core/src/main/scala/kafka/network/SocketServer.scala,994,1,True,True,True,True,1.0,1.0,1.0,1.0
L015-Q1,core/src/main/scala/kafka/server/ControllerRegistrationManager.scala:205,core/src/main/scala/kafka/server/ControllerRegistrationManager.scala,205,1,True,True,True,True,1.0,1.0,1.0,1.0
L015-Q2,core/src/main/scala/kafka/server/ControllerRegistrationManager.scala:205,core/src/main/scala/kafka/server/ControllerRegistrationManager.scala,205,1,True,True,True,True,1.0,1.0,1.0,1.0
L015-Q3,core/src/main/scala/kafka/server/ControllerRegistrationManager.scala:205,core/src/main/scala/kafka/server/ControllerRegistrationManager.scala,205,1,True,True,True,True,1.0,1.0,1.0,1.0
L016-Q1,core/src/main/scala/kafka/server/ControllerApis.scala:153,core/src/main/scala/kafka/server/ControllerApis.scala,153,245,False,False,False,False,0.0,0.0,0.0,0.0
L016-Q2,core/src/main/scala/kafka/server/ControllerApis.scala:153,core/src/main/scala/kafka/server/ControllerApis.scala,153,6,False,True,True,True,0.0,0.16666666666666666,0.16666666666666666,0.16666666666666666
L016-Q3,core/src/main/scala/kafka/server/ControllerApis.scala:153,core/src/main/scala/kafka/server/ControllerApis.scala,153,122,False,False,False,False,0.0,0.0,0.0,0.0
L017-Q1,core/src/main/scala/kafka/server/KafkaApis.scala:1252,core/src/main/scala/kafka/server/KafkaApis.scala,1252,71,False,False,False,False,0.0,0.0,0.0,0.0
L017-Q2,core/src/main/scala/kafka/server/KafkaApis.scala:1252,core/src/main/scala/kafka/server/KafkaApis.scala,1252,3,True,True,True,True,0.3333333333333333,0.3333333333333333,0.3333333333333333,0.3333333333333333
L017-Q3,core/src/main/scala/kafka/server/KafkaApis.scala:1252,core/src/main/scala/kafka/server/KafkaApis.scala,1252,1,True,True,True,True,1.0,1.0,1.0,1.0
L018-Q1,core/src/main/scala/kafka/network/SocketServer.scala:537,core/src/main/scala/kafka/network/SocketServer.scala,537,1,True,True,True,True,1.0,1.0,1.0,1.0
L018-Q2,core/src/main/scala/kafka/network/SocketServer.scala:537,core/src/main/scala/kafka/network/SocketServer.scala,537,10,False,True,True,True,0.0,0.1,0.1,0.1
L018-Q3,core/src/main/scala/kafka/network/SocketServer.scala:537,core/src/main/scala/kafka/network/SocketServer.scala,537,1,True,True,True,True,1.0,1.0,1.0,1.0
L019-Q1,core/src/main/scala/kafka/server/FetchSession.scala:863,core/src/main/scala/kafka/server/FetchSession.scala,863,1,True,True,True,True,1.0,1.0,1.0,1.0
L019-Q2,core/src/main/scala/kafka/server/FetchSession.scala:863,core/src/main/scala/kafka/server/FetchSession.scala,863,3,True,True,True,True,0.3333333333333333,0.3333333333333333,0.3333333333333333,0.3333333333333333
L019-Q3,core/src/main/scala/kafka/server/FetchSession.scala:863,core/src/main/scala/kafka/server/FetchSession.scala,863,1,True,True,True,True,1.0,1.0,1.0,1.0
L020-Q1,core/src/main/scala/kafka/server/KafkaApis.scala:376,core/src/main/scala/kafka/server/KafkaApis.scala,376,1,True,True,True,True,1.0,1.0,1.0,1.0
L020-Q2,core/src/main/scala/kafka/server/KafkaApis.scala:376,core/src/main/scala/kafka/server/KafkaApis.scala,376,55,False,False,False,False,0.0,0.0,0.0,0.0
L020-Q3,core/src/main/scala/kafka/server/KafkaApis.scala:376,core/src/main/scala/kafka/server/KafkaApis.scala,376,1,True,True,True,True,1.0,1.0,1.0,1.0
L021-Q1,core/src/main/scala/kafka/network/SocketServer.scala:1033,core/src/main/scala/kafka/network/SocketServer.scala,1033,1,True,True,True,True,1.0,1.0,1.0,1.0
L021-Q2,core/src/main/scala/kafka/network/SocketServer.scala:1033,core/src/main/scala/kafka/network/SocketServer.scala,1033,56,False,False,False,False,0.0,0.0,0.0,0.0
L021-Q3,core/src/main/scala/kafka/network/SocketServer.scala:1033,core/src/main/scala/kafka/network/SocketServer.scala,1033,1,True,True,True,True,1.0,1.0,1.0,1.0
L022-Q1,core/src/main/scala/kafka/server/AbstractFetcherThread.scala:711,core/src/main/scala/kafka/server/AbstractFetcherThread.scala,711,3,True,True,True,True,0.3333333333333333,0.3333333333333333,0.3333333333333333,0.3333333333333333
L022-Q2,core/src/main/scala/kafka/server/AbstractFetcherThread.scala:711,core/src/main/scala/kafka/server/AbstractFetcherThread.scala,711,3,True,True,True,True,0.3333333333333333,0.3333333333333333,0.3333333333333333,0.3333333333333333
L022-Q3,core/src/main/scala/kafka/server/AbstractFetcherThread.scala:711,core/src/main/scala/kafka/server/AbstractFetcherThread.scala,711,1,True,True,True,True,1.0,1.0,1.0,1.0
L023-Q1,core/src/main/scala/kafka/server/BrokerLifecycleManager.scala:332,core/src/main/scala/kafka/server/BrokerLifecycleManager.scala,332,1,True,True,True,True,1.0,1.0,1.0,1.0
L023-Q2,core/src/main/scala/kafka/server/BrokerLifecycleManager.scala:332,core/src/main/scala/kafka/server/BrokerLifecycleManager.scala,332,1,True,True,True,True,1.0,1.0,1.0,1.0
L023-Q3,core/src/main/scala/kafka/server/BrokerLifecycleManager.scala:332,core/src/main/scala/kafka/server/BrokerLifecycleManager.scala,332,1,True,True,True,True,1.0,1.0,1.0,1.0
L024-Q1,core/src/main/scala/kafka/server/AbstractFetcherThread.scala:450,core/src/main/scala/kafka/server/AbstractFetcherThread.scala,450,4,True,True,True,True,0.25,0.25,0.25,0.25
L024-Q2,core/src/main/scala/kafka/server/AbstractFetcherThread.scala:450,core/src/main/scala/kafka/server/AbstractFetcherThread.scala,450,48,False,False,False,False,0.0,0.0,0.0,0.0
L024-Q3,core/src/main/scala/kafka/server/AbstractFetcherThread.scala:450,core/src/main/scala/kafka/server/AbstractFetcherThread.scala,450,47,False,False,False,False,0.0,0.0,0.0,0.0
L025-Q1,core/src/main/scala/kafka/network/RequestChannel.scala:503,core/src/main/scala/kafka/network/RequestChannel.scala,503,1,True,True,True,True,1.0,1.0,1.0,1.0
L025-Q2,core/src/main/scala/kafka/network/RequestChannel.scala:503,core/src/main/scala/kafka/network/RequestChannel.scala,503,1,True,True,True,True,1.0,1.0,1.0,1.0
L025-Q3,core/src/main/scala/kafka/network/RequestChannel.scala:503,core/src/main/scala/kafka/network/RequestChannel.scala,503,1,True,True,True,True,1.0,1.0,1.0,1.0
L026-Q1,core/src/main/scala/kafka/server/ReplicaManager.scala:2508,core/src/main/scala/kafka/server/ReplicaManager.scala,2508,36,False,False,False,False,0.0,0.0,0.0,0.0
L026-Q2,core/src/main/scala/kafka/server/ReplicaManager.scala:2508,core/src/main/scala/kafka/server/ReplicaManager.scala,2508,10,False,True,True,True,0.0,0.1,0.1,0.1
L026-Q3,core/src/main/scala/kafka/server/ReplicaManager.scala:2508,core/src/main/scala/kafka/server/ReplicaManager.scala,2508,98,False,False,False,False,0.0,0.0,0.0,0.0
L027-Q1,core/src/main/scala/kafka/server/AutoTopicCreationManager.scala:311,core/src/main/scala/kafka/server/AutoTopicCreationManager.scala,311,13,False,False,True,True,0.0,0.0,0.07692307692307693,0.07692307692307693
L027-Q2,core/src/main/scala/kafka/server/AutoTopicCreationManager.scala:311,core/src/main/scala/kafka/server/AutoTopicCreationManager.scala,311,50,False,False,False,False,0.0,0.0,0.0,0.0
L027-Q3,core/src/main/scala/kafka/server/AutoTopicCreationManager.scala:311,core/src/main/scala/kafka/server/AutoTopicCreationManager.scala,311,33,False,False,False,False,0.0,0.0,0.0,0.0
L028-Q1,core/src/main/scala/kafka/log/LogManager.scala:612,core/src/main/scala/kafka/log/LogManager.scala,612,44,False,False,False,False,0.0,0.0,0.0,0.0
L028-Q2,core/src/main/scala/kafka/log/LogManager.scala:612,core/src/main/scala/kafka/log/LogManager.scala,612,10,False,True,True,True,0.0,0.1,0.1,0.1
L028-Q3,core/src/main/scala/kafka/log/LogManager.scala:612,core/src/main/scala/kafka/log/LogManager.scala,612,1,True,True,True,True,1.0,1.0,1.0,1.0
L029-Q1,core/src/main/scala/kafka/server/AutoTopicCreationManager.scala:275,core/src/main/scala/kafka/server/AutoTopicCreationManager.scala,275,10,False,True,True,True,0.0,0.1,0.1,0.1
L029-Q2,core/src/main/scala/kafka/server/AutoTopicCreationManager.scala:275,core/src/main/scala/kafka/server/AutoTopicCreationManager.scala,275,264,False,False,False,False,0.0,0.0,0.0,0.0
L029-Q3,core/src/main/scala/kafka/server/AutoTopicCreationManager.scala:275,core/src/main/scala/kafka/server/AutoTopicCreationManager.scala,275,5,True,True,True,True,0.2,0.2,0.2,0.2
L030-Q1,core/src/main/scala/kafka/server/KafkaRequestHandler.scala:124,core/src/main/scala/kafka/server/KafkaRequestHandler.scala,124,1,True,True,True,True,1.0,1.0,1.0,1.0
L030-Q2,core/src/main/scala/kafka/server/KafkaRequestHandler.scala:124,core/src/main/scala/kafka/server/KafkaRequestHandler.scala,124,1,True,True,True,True,1.0,1.0,1.0,1.0
L030-Q3,core/src/main/scala/kafka/server/KafkaRequestHandler.scala:124,core/src/main/scala/kafka/server/KafkaRequestHandler.scala,124,1,True,True,True,True,1.0,1.0,1.0,1.0
L031-Q1,metadata/src/main/java/org/apache/kafka/controller/BrokerHeartbeatManager.java:413,metadata/src/main/java/org/apache/kafka/controller/BrokerHeartbeatManager.java,413,1,True,True,True,True,1.0,1.0,1.0,1.0
L031-Q2,metadata/src/main/java/org/apache/kafka/controller/BrokerHeartbeatManager.java:413,metadata/src/main/java/org/apache/kafka/controller/BrokerHeartbeatManager.java,413,2,True,True,True,True,0.5,0.5,0.5,0.5
L031-Q3,metadata/src/main/java/org/apache/kafka/controller/BrokerHeartbeatManager.java:413,metadata/src/main/java/org/apache/kafka/controller/BrokerHeartbeatManager.java,413,1,True,True,True,True,1.0,1.0,1.0,1.0
L032-Q1,core/src/main/scala/kafka/server/AlterPartitionManager.scala:247,core/src/main/scala/kafka/server/AlterPartitionManager.scala,247,6,False,True,True,True,0.0,0.16666666666666666,0.16666666666666666,0.16666666666666666
L032-Q2,core/src/main/scala/kafka/server/AlterPartitionManager.scala:247,core/src/main/scala/kafka/server/AlterPartitionManager.scala,247,2,True,True,True,True,0.5,0.5,0.5,0.5
L032-Q3,core/src/main/scala/kafka/server/AlterPartitionManager.scala:247,core/src/main/scala/kafka/server/AlterPartitionManager.scala,247,1,True,True,True,True,1.0,1.0,1.0,1.0
L033-Q1,core/src/main/scala/kafka/network/SocketServer.scala:691,core/src/main/scala/kafka/network/SocketServer.scala,691,1,True,True,True,True,1.0,1.0,1.0,1.0
L033-Q2,core/src/main/scala/kafka/network/SocketServer.scala:691,core/src/main/scala/kafka/network/SocketServer.scala,691,1,True,True,True,True,1.0,1.0,1.0,1.0
L033-Q3,core/src/main/scala/kafka/network/SocketServer.scala:691,core/src/main/scala/kafka/network/SocketServer.scala,691,11,False,False,True,True,0.0,0.0,0.09090909090909091,0.09090909090909091
L034-Q1,core/src/main/scala/kafka/server/ReplicaManager.scala:2465,core/src/main/scala/kafka/server/ReplicaManager.scala,2465,1,True,True,True,True,1.0,1.0,1.0,1.0
L034-Q2,core/src/main/scala/kafka/server/ReplicaManager.scala:2465,core/src/main/scala/kafka/server/ReplicaManager.scala,2465,5,True,True,True,True,0.2,0.2,0.2,0.2
L034-Q3,core/src/main/scala/kafka/server/ReplicaManager.scala:2465,core/src/main/scala/kafka/server/ReplicaManager.scala,2465,1,True,True,True,True,1.0,1.0,1.0,1.0
L035-Q1,metadata/src/main/java/org/apache/kafka/controller/ReplicationControlManager.java:1014,metadata/src/main/java/org/apache/kafka/controller/ReplicationControlManager.java,1014,117,False,False,False,False,0.0,0.0,0.0,0.0
L035-Q2,metadata/src/main/java/org/apache/kafka/controller/ReplicationControlManager.java:1014,metadata/src/main/java/org/apache/kafka/controller/ReplicationControlManager.java,1014,423,False,False,False,False,0.0,0.0,0.0,0.0
L035-Q3,metadata/src/main/java/org/apache/kafka/controller/ReplicationControlManager.java:1014,metadata/src/main/java/org/apache/kafka/controller/ReplicationControlManager.java,1014,617,False,False,False,False,0.0,0.0,0.0,0.0
L036-Q1,core/src/main/scala/kafka/server/AbstractFetcherThread.scala:444,core/src/main/scala/kafka/server/AbstractFetcherThread.scala,444,3,True,True,True,True,0.3333333333333333,0.3333333333333333,0.3333333333333333,0.3333333333333333
L036-Q2,core/src/main/scala/kafka/server/AbstractFetcherThread.scala:444,core/src/main/scala/kafka/server/AbstractFetcherThread.scala,444,13,False,False,True,True,0.0,0.0,0.07692307692307693,0.07692307692307693
L036-Q3,core/src/main/scala/kafka/server/AbstractFetcherThread.scala:444,core/src/main/scala/kafka/server/AbstractFetcherThread.scala,444,6,False,True,True,True,0.0,0.16666666666666666,0.16666666666666666,0.16666666666666666
L037-Q1,metadata/src/main/java/org/apache/kafka/controller/ReplicationControlManager.java:568,metadata/src/main/java/org/apache/kafka/controller/ReplicationControlManager.java,568,1,True,True,True,True,1.0,1.0,1.0,1.0
L037-Q2,metadata/src/main/java/org/apache/kafka/controller/ReplicationControlManager.java:568,metadata/src/main/java/org/apache/kafka/controller/ReplicationControlManager.java,568,7,False,True,True,True,0.0,0.14285714285714285,0.14285714285714285,0.14285714285714285
L037-Q3,metadata/src/main/java/org/apache/kafka/controller/ReplicationControlManager.java:568,metadata/src/main/java/org/apache/kafka/controller/ReplicationControlManager.java,568,1,True,True,True,True,1.0,1.0,1.0,1.0
L038-Q1,metadata/src/main/java/org/apache/kafka/controller/PeriodicTaskControlManager.java:175,metadata/src/main/java/org/apache/kafka/controller/PeriodicTaskControlManager.java,175,1,True,True,True,True,1.0,1.0,1.0,1.0
L038-Q2,metadata/src/main/java/org/apache/kafka/controller/PeriodicTaskControlManager.java:175,metadata/src/main/java/org/apache/kafka/controller/PeriodicTaskControlManager.java,175,8,False,True,True,True,0.0,0.125,0.125,0.125
L038-Q3,metadata/src/main/java/org/apache/kafka/controller/PeriodicTaskControlManager.java:175,metadata/src/main/java/org/apache/kafka/controller/PeriodicTaskControlManager.java,175,4,True,True,True,True,0.25,0.25,0.25,0.25
L039-Q1,core/src/main/scala/kafka/server/DynamicBrokerConfig.scala:394,core/src/main/scala/kafka/server/DynamicBrokerConfig.scala,394,16,False,False,False,True,0.0,0.0,0.0,0.0625
L039-Q2,core/src/main/scala/kafka/server/DynamicBrokerConfig.scala:394,core/src/main/scala/kafka/server/DynamicBrokerConfig.scala,394,1,True,True,True,True,1.0,1.0,1.0,1.0
L039-Q3,core/src/main/scala/kafka/server/DynamicBrokerConfig.scala:394,core/src/main/scala/kafka/server/DynamicBrokerConfig.scala,394,1,True,True,True,True,1.0,1.0,1.0,1.0
L040-Q1,core/src/main/scala/kafka/server/FetchSession.scala:731,core/src/main/scala/kafka/server/FetchSession.scala,731,37,False,False,False,False,0.0,0.0,0.0,0.0
L040-Q2,core/src/main/scala/kafka/server/FetchSession.scala:731,core/src/main/scala/kafka/server/FetchSession.scala,731,2,True,True,True,True,0.5,0.5,0.5,0.5
L040-Q3,core/src/main/scala/kafka/server/FetchSession.scala:731,core/src/main/scala/kafka/server/FetchSession.scala,731,2,True,True,True,True,0.5,0.5,0.5,0.5
L041-Q1,core/src/main/scala/kafka/server/FetchSession.scala:550,core/src/main/scala/kafka/server/FetchSession.scala,550,3,True,True,True,True,0.3333333333333333,0.3333333333333333,0.3333333333333333,0.3333333333333333
L041-Q2,core/src/main/scala/kafka/server/FetchSession.scala:550,core/src/main/scala/kafka/server/FetchSession.scala,550,10,False,True,True,True,0.0,0.1,0.1,0.1
L041-Q3,core/src/main/scala/kafka/server/FetchSession.scala:550,core/src/main/scala/kafka/server/FetchSession.scala,550,2,True,True,True,True,0.5,0.5,0.5,0.5
L042-Q1,core/src/main/scala/kafka/network/SocketServer.scala:548,core/src/main/scala/kafka/network/SocketServer.scala,548,1,True,True,True,True,1.0,1.0,1.0,1.0
L042-Q2,core/src/main/scala/kafka/network/SocketServer.scala:548,core/src/main/scala/kafka/network/SocketServer.scala,548,1,True,True,True,True,1.0,1.0,1.0,1.0
L042-Q3,core/src/main/scala/kafka/network/SocketServer.scala:548,core/src/main/scala/kafka/network/SocketServer.scala,548,2,True,True,True,True,0.5,0.5,0.5,0.5
L043-Q1,core/src/main/scala/kafka/server/NodeToControllerChannelManager.scala:313,core/src/main/scala/kafka/server/NodeToControllerChannelManager.scala,313,1,True,True,True,True,1.0,1.0,1.0,1.0
L043-Q2,core/src/main/scala/kafka/server/NodeToControllerChannelManager.scala:313,core/src/main/scala/kafka/server/NodeToControllerChannelManager.scala,313,1,True,True,True,True,1.0,1.0,1.0,1.0
L043-Q3,core/src/main/scala/kafka/server/NodeToControllerChannelManager.scala:313,core/src/main/scala/kafka/server/NodeToControllerChannelManager.scala,313,1,True,True,True,True,1.0,1.0,1.0,1.0
L044-Q1,core/src/main/scala/kafka/server/DynamicBrokerConfig.scala:584,core/src/main/scala/kafka/server/DynamicBrokerConfig.scala,584,1,True,True,True,True,1.0,1.0,1.0,1.0
L044-Q2,core/src/main/scala/kafka/server/DynamicBrokerConfig.scala:584,core/src/main/scala/kafka/server/DynamicBrokerConfig.scala,584,1,True,True,True,True,1.0,1.0,1.0,1.0
L044-Q3,core/src/main/scala/kafka/server/DynamicBrokerConfig.scala:584,core/src/main/scala/kafka/server/DynamicBrokerConfig.scala,584,1,True,True,True,True,1.0,1.0,1.0,1.0
L045-Q1,core/src/main/scala/kafka/server/AutoTopicCreationManager.scala:267,core/src/main/scala/kafka/server/AutoTopicCreationManager.scala,267,10,False,True,True,True,0.0,0.1,0.1,0.1
L045-Q2,core/src/main/scala/kafka/server/AutoTopicCreationManager.scala:267,core/src/main/scala/kafka/server/AutoTopicCreationManager.scala,267,2,True,True,True,True,0.5,0.5,0.5,0.5
L045-Q3,core/src/main/scala/kafka/server/AutoTopicCreationManager.scala:267,core/src/main/scala/kafka/server/AutoTopicCreationManager.scala,267,2,True,True,True,True,0.5,0.5,0.5,0.5
L046-Q1,core/src/main/scala/kafka/server/BrokerLifecycleManager.scala:554,core/src/main/scala/kafka/server/BrokerLifecycleManager.scala,554,1,True,True,True,True,1.0,1.0,1.0,1.0
L046-Q2,core/src/main/scala/kafka/server/BrokerLifecycleManager.scala:554,core/src/main/scala/kafka/server/BrokerLifecycleManager.scala,554,1,True,True,True,True,1.0,1.0,1.0,1.0
L046-Q3,core/src/main/scala/kafka/server/BrokerLifecycleManager.scala:554,core/src/main/scala/kafka/server/BrokerLifecycleManager.scala,554,4,True,True,True,True,0.25,0.25,0.25,0.25
L047-Q1,core/src/main/scala/kafka/server/metadata/ClientQuotaMetadataManager.scala:107,core/src/main/scala/kafka/server/metadata/ClientQuotaMetadataManager.scala,107,1,True,True,True,True,1.0,1.0,1.0,1.0
L047-Q2,core/src/main/scala/kafka/server/metadata/ClientQuotaMetadataManager.scala:107,core/src/main/scala/kafka/server/metadata/ClientQuotaMetadataManager.scala,107,1,True,True,True,True,1.0,1.0,1.0,1.0
L047-Q3,core/src/main/scala/kafka/server/metadata/ClientQuotaMetadataManager.scala:107,core/src/main/scala/kafka/server/metadata/ClientQuotaMetadataManager.scala,107,3,True,True,True,True,0.3333333333333333,0.3333333333333333,0.3333333333333333,0.3333333333333333
L048-Q1,core/src/main/scala/kafka/server/AutoTopicCreationManager.scala:447,core/src/main/scala/kafka/server/AutoTopicCreationManager.scala,447,1,True,True,True,True,1.0,1.0,1.0,1.0
L048-Q2,core/src/main/scala/kafka/server/AutoTopicCreationManager.scala:447,core/src/main/scala/kafka/server/AutoTopicCreationManager.scala,447,7,False,True,True,True,0.0,0.14285714285714285,0.14285714285714285,0.14285714285714285
L048-Q3,core/src/main/scala/kafka/server/AutoTopicCreationManager.scala:447,core/src/main/scala/kafka/server/AutoTopicCreationManager.scala,447,1,True,True,True,True,1.0,1.0,1.0,1.0
L049-Q1,metadata/src/main/java/org/apache/kafka/controller/FeatureControlManager.java:414,metadata/src/main/java/org/apache/kafka/controller/FeatureControlManager.java,414,2,True,True,True,True,0.5,0.5,0.5,0.5
L049-Q2,metadata/src/main/java/org/apache/kafka/controller/FeatureControlManager.java:414,metadata/src/main/java/org/apache/kafka/controller/FeatureControlManager.java,414,14,False,False,True,True,0.0,0.0,0.07142857142857142,0.07142857142857142
L049-Q3,metadata/src/main/java/org/apache/kafka/controller/FeatureControlManager.java:414,metadata/src/main/java/org/apache/kafka/controller/FeatureControlManager.java,414,4,True,True,True,True,0.25,0.25,0.25,0.25
L050-Q1,core/src/main/scala/kafka/server/AbstractFetcherThread.scala:406,core/src/main/scala/kafka/server/AbstractFetcherThread.scala,406,13,False,False,True,True,0.0,0.0,0.07692307692307693,0.07692307692307693
L050-Q2,core/src/main/scala/kafka/server/AbstractFetcherThread.scala:406,core/src/main/scala/kafka/server/AbstractFetcherThread.scala,406,1,True,True,True,True,1.0,1.0,1.0,1.0
L050-Q3,core/src/main/scala/kafka/server/AbstractFetcherThread.scala:406,core/src/main/scala/kafka/server/AbstractFetcherThread.scala,406,1,True,True,True,True,1.0,1.0,1.0,1.0
L051-Q1,core/src/main/scala/kafka/log/LogManager.scala:689,core/src/main/scala/kafka/log/LogManager.scala,689,1,True,True,True,True,1.0,1.0,1.0,1.0
L051-Q2,core/src/main/scala/kafka/log/LogManager.scala:689,core/src/main/scala/kafka/log/LogManager.scala,689,1,True,True,True,True,1.0,1.0,1.0,1.0
L051-Q3,core/src/main/scala/kafka/log/LogManager.scala:689,core/src/main/scala/kafka/log/LogManager.scala,689,1,True,True,True,True,1.0,1.0,1.0,1.0
L052-Q1,core/src/main/scala/kafka/server/LocalLeaderEndPoint.scala:155,core/src/main/scala/kafka/server/LocalLeaderEndPoint.scala,155,1122,False,False,False,False,0.0,0.0,0.0,0.0
L052-Q2,core/src/main/scala/kafka/server/LocalLeaderEndPoint.scala:155,core/src/main/scala/kafka/server/LocalLeaderEndPoint.scala,155,18,False,False,False,True,0.0,0.0,0.0,0.05555555555555555
L052-Q3,core/src/main/scala/kafka/server/LocalLeaderEndPoint.scala:155,core/src/main/scala/kafka/server/LocalLeaderEndPoint.scala,155,29,False,False,False,False,0.0,0.0,0.0,0.0
L053-Q1,core/src/main/scala/kafka/server/RemoteLeaderEndPoint.scala:162,core/src/main/scala/kafka/server/RemoteLeaderEndPoint.scala,162,3,True,True,True,True,0.3333333333333333,0.3333333333333333,0.3333333333333333,0.3333333333333333
L053-Q2,core/src/main/scala/kafka/server/RemoteLeaderEndPoint.scala:162,core/src/main/scala/kafka/server/RemoteLeaderEndPoint.scala,162,1,True,True,True,True,1.0,1.0,1.0,1.0
L053-Q3,core/src/main/scala/kafka/server/RemoteLeaderEndPoint.scala:162,core/src/main/scala/kafka/server/RemoteLeaderEndPoint.scala,162,1,True,True,True,True,1.0,1.0,1.0,1.0
L054-Q1,core/src/main/scala/kafka/server/NodeToControllerChannelManager.scala:290,core/src/main/scala/kafka/server/NodeToControllerChannelManager.scala,290,1,True,True,True,True,1.0,1.0,1.0,1.0
L054-Q2,core/src/main/scala/kafka/server/NodeToControllerChannelManager.scala:290,core/src/main/scala/kafka/server/NodeToControllerChannelManager.scala,290,1,True,True,True,True,1.0,1.0,1.0,1.0
L054-Q3,core/src/main/scala/kafka/server/NodeToControllerChannelManager.scala:290,core/src/main/scala/kafka/server/NodeToControllerChannelManager.scala,290,1,True,True,True,True,1.0,1.0,1.0,1.0
L055-Q1,core/src/main/scala/kafka/server/ConfigAdminManager.scala:255,core/src/main/scala/kafka/server/ConfigAdminManager.scala,255,309,False,False,False,False,0.0,0.0,0.0,0.0
L055-Q2,core/src/main/scala/kafka/server/ConfigAdminManager.scala:255,core/src/main/scala/kafka/server/ConfigAdminManager.scala,255,436,False,False,False,False,0.0,0.0,0.0,0.0
L055-Q3,core/src/main/scala/kafka/server/ConfigAdminManager.scala:255,core/src/main/scala/kafka/server/ConfigAdminManager.scala,255,2,True,True,True,True,0.5,0.5,0.5,0.5
L056-Q1,core/src/main/scala/kafka/log/LogManager.scala:1488,core/src/main/scala/kafka/log/LogManager.scala,1488,430,False,False,False,False,0.0,0.0,0.0,0.0
L056-Q2,core/src/main/scala/kafka/log/LogManager.scala:1488,core/src/main/scala/kafka/log/LogManager.scala,1488,106,False,False,False,False,0.0,0.0,0.0,0.0
L056-Q3,core/src/main/scala/kafka/log/LogManager.scala:1488,core/src/main/scala/kafka/log/LogManager.scala,1488,14,False,False,True,True,0.0,0.0,0.07142857142857142,0.07142857142857142
L057-Q1,core/src/main/scala/kafka/server/BrokerLifecycleManager.scala:493,core/src/main/scala/kafka/server/BrokerLifecycleManager.scala,493,1,True,True,True,True,1.0,1.0,1.0,1.0
L057-Q2,core/src/main/scala/kafka/server/BrokerLifecycleManager.scala:493,core/src/main/scala/kafka/server/BrokerLifecycleManager.scala,493,4,True,True,True,True,0.25,0.25,0.25,0.25
L057-Q3,core/src/main/scala/kafka/server/BrokerLifecycleManager.scala:493,core/src/main/scala/kafka/server/BrokerLifecycleManager.scala,493,4,True,True,True,True,0.25,0.25,0.25,0.25
L058-Q1,core/src/main/scala/kafka/server/AutoTopicCreationManager.scala:272,core/src/main/scala/kafka/server/AutoTopicCreationManager.scala,272,2,True,True,True,True,0.5,0.5,0.5,0.5
L058-Q2,core/src/main/scala/kafka/server/AutoTopicCreationManager.scala:272,core/src/main/scala/kafka/server/AutoTopicCreationManager.scala,272,2,True,True,True,True,0.5,0.5,0.5,0.5
L058-Q3,core/src/main/scala/kafka/server/AutoTopicCreationManager.scala:272,core/src/main/scala/kafka/server/AutoTopicCreationManager.scala,272,2,True,True,True,True,0.5,0.5,0.5,0.5
L059-Q1,core/src/main/scala/kafka/server/ReplicaFetcherThread.scala:91,core/src/main/scala/kafka/server/ReplicaFetcherThread.scala,91,1,True,True,True,True,1.0,1.0,1.0,1.0
L059-Q2,core/src/main/scala/kafka/server/ReplicaFetcherThread.scala:91,core/src/main/scala/kafka/server/ReplicaFetcherThread.scala,91,1,True,True,True,True,1.0,1.0,1.0,1.0
L059-Q3,core/src/main/scala/kafka/server/ReplicaFetcherThread.scala:91,core/src/main/scala/kafka/server/ReplicaFetcherThread.scala,91,1,True,True,True,True,1.0,1.0,1.0,1.0
L060-Q1,core/src/main/scala/kafka/server/ControllerRegistrationManager.scala:252,core/src/main/scala/kafka/server/ControllerRegistrationManager.scala,252,1,True,True,True,True,1.0,1.0,1.0,1.0
L060-Q2,core/src/main/scala/kafka/server/ControllerRegistrationManager.scala:252,core/src/main/scala/kafka/server/ControllerRegistrationManager.scala,252,3,True,True,True,True,0.3333333333333333,0.3333333333333333,0.3333333333333333,0.3333333333333333
L060-Q3,core/src/main/scala/kafka/server/ControllerRegistrationManager.scala:252,core/src/main/scala/kafka/server/ControllerRegistrationManager.scala,252,1,True,True,True,True,1.0,1.0,1.0,1.0
L061-Q1,core/src/main/scala/kafka/server/BrokerServer.scala:785,core/src/main/scala/kafka/server/BrokerServer.scala,785,1,True,True,True,True,1.0,1.0,1.0,1.0
L061-Q2,core/src/main/scala/kafka/server/BrokerServer.scala:785,core/src/main/scala/kafka/server/BrokerServer.scala,785,38,False,False,False,False,0.0,0.0,0.0,0.0
L061-Q3,core/src/main/scala/kafka/server/BrokerServer.scala:785,core/src/main/scala/kafka/server/BrokerServer.scala,785,1,True,True,True,True,1.0,1.0,1.0,1.0
L062-Q1,core/src/main/scala/kafka/network/SocketServer.scala:945,core/src/main/scala/kafka/network/SocketServer.scala,945,1,True,True,True,True,1.0,1.0,1.0,1.0
L062-Q2,core/src/main/scala/kafka/network/SocketServer.scala:945,core/src/main/scala/kafka/network/SocketServer.scala,945,1,True,True,True,True,1.0,1.0,1.0,1.0
L062-Q3,core/src/main/scala/kafka/network/SocketServer.scala:945,core/src/main/scala/kafka/network/SocketServer.scala,945,1,True,True,True,True,1.0,1.0,1.0,1.0
L063-Q1,core/src/main/scala/kafka/server/AbstractFetcherThread.scala:415,core/src/main/scala/kafka/server/AbstractFetcherThread.scala,415,10,False,True,True,True,0.0,0.1,0.1,0.1
L063-Q2,core/src/main/scala/kafka/server/AbstractFetcherThread.scala:415,core/src/main/scala/kafka/server/AbstractFetcherThread.scala,415,7,False,True,True,True,0.0,0.14285714285714285,0.14285714285714285,0.14285714285714285
L063-Q3,core/src/main/scala/kafka/server/AbstractFetcherThread.scala:415,core/src/main/scala/kafka/server/AbstractFetcherThread.scala,415,1,True,True,True,True,1.0,1.0,1.0,1.0
L064-Q1,core/src/main/scala/kafka/server/DynamicBrokerConfig.scala:497,core/src/main/scala/kafka/server/DynamicBrokerConfig.scala,497,265,False,False,False,False,0.0,0.0,0.0,0.0
L064-Q2,core/src/main/scala/kafka/server/DynamicBrokerConfig.scala:497,core/src/main/scala/kafka/server/DynamicBrokerConfig.scala,497,2,True,True,True,True,0.5,0.5,0.5,0.5
L064-Q3,core/src/main/scala/kafka/server/DynamicBrokerConfig.scala:497,core/src/main/scala/kafka/server/DynamicBrokerConfig.scala,497,2,True,True,True,True,0.5,0.5,0.5,0.5
L065-Q1,core/src/main/scala/kafka/server/AbstractFetcherThread.scala:501,core/src/main/scala/kafka/server/AbstractFetcherThread.scala,501,26,False,False,False,False,0.0,0.0,0.0,0.0
L065-Q2,core/src/main/scala/kafka/server/AbstractFetcherThread.scala:501,core/src/main/scala/kafka/server/AbstractFetcherThread.scala,501,63,False,False,False,False,0.0,0.0,0.0,0.0
L065-Q3,core/src/main/scala/kafka/server/AbstractFetcherThread.scala:501,core/src/main/scala/kafka/server/AbstractFetcherThread.scala,501,1,True,True,True,True,1.0,1.0,1.0,1.0
L066-Q1,core/src/main/scala/kafka/server/BrokerLifecycleManager.scala:550,core/src/main/scala/kafka/server/BrokerLifecycleManager.scala,550,1,True,True,True,True,1.0,1.0,1.0,1.0
L066-Q2,core/src/main/scala/kafka/server/BrokerLifecycleManager.scala:550,core/src/main/scala/kafka/server/BrokerLifecycleManager.scala,550,59,False,False,False,False,0.0,0.0,0.0,0.0
L066-Q3,core/src/main/scala/kafka/server/BrokerLifecycleManager.scala:550,core/src/main/scala/kafka/server/BrokerLifecycleManager.scala,550,1,True,True,True,True,1.0,1.0,1.0,1.0
L067-Q1,core/src/main/scala/kafka/server/ConfigAdminManager.scala:368,core/src/main/scala/kafka/server/ConfigAdminManager.scala,368,79,False,False,False,False,0.0,0.0,0.0,0.0
L067-Q2,core/src/main/scala/kafka/server/ConfigAdminManager.scala:368,core/src/main/scala/kafka/server/ConfigAdminManager.scala,368,1,True,True,True,True,1.0,1.0,1.0,1.0
L067-Q3,core/src/main/scala/kafka/server/ConfigAdminManager.scala:368,core/src/main/scala/kafka/server/ConfigAdminManager.scala,368,2,True,True,True,True,0.5,0.5,0.5,0.5
L068-Q1,core/src/main/scala/kafka/server/SharedServer.scala:347,core/src/main/scala/kafka/server/SharedServer.scala,347,6,False,True,True,True,0.0,0.16666666666666666,0.16666666666666666,0.16666666666666666
L068-Q2,core/src/main/scala/kafka/server/SharedServer.scala:347,core/src/main/scala/kafka/server/SharedServer.scala,347,1,True,True,True,True,1.0,1.0,1.0,1.0
L068-Q3,core/src/main/scala/kafka/server/SharedServer.scala:347,core/src/main/scala/kafka/server/SharedServer.scala,347,1,True,True,True,True,1.0,1.0,1.0,1.0
L069-Q1,core/src/main/scala/kafka/server/KafkaRequestHandler.scala:149,core/src/main/scala/kafka/server/KafkaRequestHandler.scala,149,3,True,True,True,True,0.3333333333333333,0.3333333333333333,0.3333333333333333,0.3333333333333333
L069-Q2,core/src/main/scala/kafka/server/KafkaRequestHandler.scala:149,core/src/main/scala/kafka/server/KafkaRequestHandler.scala,149,6,False,True,True,True,0.0,0.16666666666666666,0.16666666666666666,0.16666666666666666
L069-Q3,core/src/main/scala/kafka/server/KafkaRequestHandler.scala:149,core/src/main/scala/kafka/server/KafkaRequestHandler.scala,149,2,True,True,True,True,0.5,0.5,0.5,0.5
L070-Q1,core/src/main/scala/kafka/server/BrokerLifecycleManager.scala:496,core/src/main/scala/kafka/server/BrokerLifecycleManager.scala,496,1,True,True,True,True,1.0,1.0,1.0,1.0
L070-Q2,core/src/main/scala/kafka/server/BrokerLifecycleManager.scala:496,core/src/main/scala/kafka/server/BrokerLifecycleManager.scala,496,1,True,True,True,True,1.0,1.0,1.0,1.0
L070-Q3,core/src/main/scala/kafka/server/BrokerLifecycleManager.scala:496,core/src/main/scala/kafka/server/BrokerLifecycleManager.scala,496,1,True,True,True,True,1.0,1.0,1.0,1.0
L071-Q1,core/src/main/scala/kafka/server/BrokerLifecycleManager.scala:421,core/src/main/scala/kafka/server/BrokerLifecycleManager.scala,421,5,True,True,True,True,0.2,0.2,0.2,0.2
L071-Q2,core/src/main/scala/kafka/server/BrokerLifecycleManager.scala:421,core/src/main/scala/kafka/server/BrokerLifecycleManager.scala,421,5,True,True,True,True,0.2,0.2,0.2,0.2
L071-Q3,core/src/main/scala/kafka/server/BrokerLifecycleManager.scala:421,core/src/main/scala/kafka/server/BrokerLifecycleManager.scala,421,5,True,True,True,True,0.2,0.2,0.2,0.2
L072-Q1,core/src/main/scala/kafka/log/LogManager.scala:357,core/src/main/scala/kafka/log/LogManager.scala,357,583,False,False,False,False,0.0,0.0,0.0,0.0
L072-Q2,core/src/main/scala/kafka/log/LogManager.scala:357,core/src/main/scala/kafka/log/LogManager.scala,357,37,False,False,False,False,0.0,0.0,0.0,0.0
L072-Q3,core/src/main/scala/kafka/log/LogManager.scala:357,core/src/main/scala/kafka/log/LogManager.scala,357,4,True,True,True,True,0.25,0.25,0.25,0.25
L073-Q1,core/src/main/scala/kafka/server/BrokerServer.scala:729,core/src/main/scala/kafka/server/BrokerServer.scala,729,1,True,True,True,True,1.0,1.0,1.0,1.0
L073-Q2,core/src/main/scala/kafka/server/BrokerServer.scala:729,core/src/main/scala/kafka/server/BrokerServer.scala,729,1,True,True,True,True,1.0,1.0,1.0,1.0
L073-Q3,core/src/main/scala/kafka/server/BrokerServer.scala:729,core/src/main/scala/kafka/server/BrokerServer.scala,729,1,True,True,True,True,1.0,1.0,1.0,1.0
L074-Q1,core/src/main/scala/kafka/server/ControllerRegistrationManager.scala:246,core/src/main/scala/kafka/server/ControllerRegistrationManager.scala,246,3,True,True,True,True,0.3333333333333333,0.3333333333333333,0.3333333333333333,0.3333333333333333
L074-Q2,core/src/main/scala/kafka/server/ControllerRegistrationManager.scala:246,core/src/main/scala/kafka/server/ControllerRegistrationManager.scala,246,4,True,True,True,True,0.25,0.25,0.25,0.25
L074-Q3,core/src/main/scala/kafka/server/ControllerRegistrationManager.scala:246,core/src/main/scala/kafka/server/ControllerRegistrationManager.scala,246,1,True,True,True,True,1.0,1.0,1.0,1.0
L075-Q1,core/src/main/scala/kafka/server/AbstractFetcherThread.scala:677,core/src/main/scala/kafka/server/AbstractFetcherThread.scala,677,1,True,True,True,True,1.0,1.0,1.0,1.0
L075-Q2,core/src/main/scala/kafka/server/AbstractFetcherThread.scala:677,core/src/main/scala/kafka/server/AbstractFetcherThread.scala,677,7,False,True,True,True,0.0,0.14285714285714285,0.14285714285714285,0.14285714285714285
L075-Q3,core/src/main/scala/kafka/server/AbstractFetcherThread.scala:677,core/src/main/scala/kafka/server/AbstractFetcherThread.scala,677,10,False,True,True,True,0.0,0.1,0.1,0.1
L076-Q1,metadata/src/main/java/org/apache/kafka/controller/ReplicationControlManager.java:1300,metadata/src/main/java/org/apache/kafka/controller/ReplicationControlManager.java,1300,2,True,True,True,True,0.5,0.5,0.5,0.5
L076-Q2,metadata/src/main/java/org/apache/kafka/controller/ReplicationControlManager.java:1300,metadata/src/main/java/org/apache/kafka/controller/ReplicationControlManager.java,1300,263,False,False,False,False,0.0,0.0,0.0,0.0
L076-Q3,metadata/src/main/java/org/apache/kafka/controller/ReplicationControlManager.java:1300,metadata/src/main/java/org/apache/kafka/controller/ReplicationControlManager.java,1300,2,True,True,True,True,0.5,0.5,0.5,0.5
L077-Q1,metadata/src/main/java/org/apache/kafka/controller/ConfigurationControlManager.java:374,metadata/src/main/java/org/apache/kafka/controller/ConfigurationControlManager.java,374,2,True,True,True,True,0.5,0.5,0.5,0.5
L077-Q2,metadata/src/main/java/org/apache/kafka/controller/ConfigurationControlManager.java:374,metadata/src/main/java/org/apache/kafka/controller/ConfigurationControlManager.java,374,1,True,True,True,True,1.0,1.0,1.0,1.0
L077-Q3,metadata/src/main/java/org/apache/kafka/controller/ConfigurationControlManager.java:374,metadata/src/main/java/org/apache/kafka/controller/ConfigurationControlManager.java,374,1,True,True,True,True,1.0,1.0,1.0,1.0
L078-Q1,metadata/src/main/java/org/apache/kafka/controller/ReplicationControlManager.java:878,metadata/src/main/java/org/apache/kafka/controller/ReplicationControlManager.java,878,37,False,False,False,False,0.0,0.0,0.0,0.0
L078-Q2,metadata/src/main/java/org/apache/kafka/controller/ReplicationControlManager.java:878,metadata/src/main/java/org/apache/kafka/controller/ReplicationControlManager.java,878,4,True,True,True,True,0.25,0.25,0.25,0.25
L078-Q3,metadata/src/main/java/org/apache/kafka/controller/ReplicationControlManager.java:878,metadata/src/main/java/org/apache/kafka/controller/ReplicationControlManager.java,878,1,True,True,True,True,1.0,1.0,1.0,1.0
L079-Q1,metadata/src/main/java/org/apache/kafka/controller/ReplicationControlManager.java:1744,metadata/src/main/java/org/apache/kafka/controller/ReplicationControlManager.java,1744,117,False,False,False,False,0.0,0.0,0.0,0.0
L079-Q2,metadata/src/main/java/org/apache/kafka/controller/ReplicationControlManager.java:1744,metadata/src/main/java/org/apache/kafka/controller/ReplicationControlManager.java,1744,131,False,False,False,False,0.0,0.0,0.0,0.0
L079-Q3,metadata/src/main/java/org/apache/kafka/controller/ReplicationControlManager.java:1744,metadata/src/main/java/org/apache/kafka/controller/ReplicationControlManager.java,1744,1,True,True,True,True,1.0,1.0,1.0,1.0
L080-Q1,metadata/src/main/java/org/apache/kafka/controller/ReplicationControlManager.java:1292,metadata/src/main/java/org/apache/kafka/controller/ReplicationControlManager.java,1292,3,True,True,True,True,0.3333333333333333,0.3333333333333333,0.3333333333333333,0.3333333333333333
L080-Q2,metadata/src/main/java/org/apache/kafka/controller/ReplicationControlManager.java:1292,metadata/src/main/java/org/apache/kafka/controller/ReplicationControlManager.java,1292,1,True,True,True,True,1.0,1.0,1.0,1.0
L080-Q3,metadata/src/main/java/org/apache/kafka/controller/ReplicationControlManager.java:1292,metadata/src/main/java/org/apache/kafka/controller/ReplicationControlManager.java,1292,1,True,True,True,True,1.0,1.0,1.0,1.0
L082-Q1,metadata/src/main/java/org/apache/kafka/controller/ReplicationControlManager.java:2411,metadata/src/main/java/org/apache/kafka/controller/ReplicationControlManager.java,2411,3,True,True,True,True,0.3333333333333333,0.3333333333333333,0.3333333333333333,0.3333333333333333
L082-Q2,metadata/src/main/java/org/apache/kafka/controller/ReplicationControlManager.java:2411,metadata/src/main/java/org/apache/kafka/controller/ReplicationControlManager.java,2411,1,True,True,True,True,1.0,1.0,1.0,1.0
L082-Q3,metadata/src/main/java/org/apache/kafka/controller/ReplicationControlManager.java:2411,metadata/src/main/java/org/apache/kafka/controller/ReplicationControlManager.java,2411,1,True,True,True,True,1.0,1.0,1.0,1.0
L083-Q1,metadata/src/main/java/org/apache/kafka/controller/ReplicationControlManager.java:1738,metadata/src/main/java/org/apache/kafka/controller/ReplicationControlManager.java,1738,1,True,True,True,True,1.0,1.0,1.0,1.0
L083-Q2,metadata/src/main/java/org/apache/kafka/controller/ReplicationControlManager.java:1738,metadata/src/main/java/org/apache/kafka/controller/ReplicationControlManager.java,1738,55,False,False,False,False,0.0,0.0,0.0,0.0
L083-Q3,metadata/src/main/java/org/apache/kafka/controller/ReplicationControlManager.java:1738,metadata/src/main/java/org/apache/kafka/controller/ReplicationControlManager.java,1738,69,False,False,False,False,0.0,0.0,0.0,0.0
L085-Q1,metadata/src/main/java/org/apache/kafka/controller/ReplicationControlManager.java:1498,metadata/src/main/java/org/apache/kafka/controller/ReplicationControlManager.java,1498,1,True,True,True,True,1.0,1.0,1.0,1.0
L085-Q2,metadata/src/main/java/org/apache/kafka/controller/ReplicationControlManager.java:1498,metadata/src/main/java/org/apache/kafka/controller/ReplicationControlManager.java,1498,1,True,True,True,True,1.0,1.0,1.0,1.0
L085-Q3,metadata/src/main/java/org/apache/kafka/controller/ReplicationControlManager.java:1498,metadata/src/main/java/org/apache/kafka/controller/ReplicationControlManager.java,1498,1,True,True,True,True,1.0,1.0,1.0,1.0
L086-Q1,metadata/src/main/java/org/apache/kafka/controller/ReplicationControlManager.java:995,metadata/src/main/java/org/apache/kafka/controller/ReplicationControlManager.java,995,10,False,True,True,True,0.0,0.1,0.1,0.1
L086-Q2,metadata/src/main/java/org/apache/kafka/controller/ReplicationControlManager.java:995,metadata/src/main/java/org/apache/kafka/controller/ReplicationControlManager.java,995,127,False,False,False,False,0.0,0.0,0.0,0.0
L086-Q3,metadata/src/main/java/org/apache/kafka/controller/ReplicationControlManager.java:995,metadata/src/main/java/org/apache/kafka/controller/ReplicationControlManager.java,995,1,True,True,True,True,1.0,1.0,1.0,1.0
L087-Q1,metadata/src/main/java/org/apache/kafka/controller/ReplicationControlManager.java:1799,metadata/src/main/java/org/apache/kafka/controller/ReplicationControlManager.java,1799,2,True,True,True,True,0.5,0.5,0.5,0.5
L087-Q2,metadata/src/main/java/org/apache/kafka/controller/ReplicationControlManager.java:1799,metadata/src/main/java/org/apache/kafka/controller/ReplicationControlManager.java,1799,2,True,True,True,True,0.5,0.5,0.5,0.5
L087-Q3,metadata/src/main/java/org/apache/kafka/controller/ReplicationControlManager.java:1799,metadata/src/main/java/org/apache/kafka/controller/ReplicationControlManager.java,1799,1,True,True,True,True,1.0,1.0,1.0,1.0
L088-Q1,metadata/src/main/java/org/apache/kafka/controller/ReplicationControlManager.java:1823,metadata/src/main/java/org/apache/kafka/controller/ReplicationControlManager.java,1823,66,False,False,False,False,0.0,0.0,0.0,0.0
L088-Q2,metadata/src/main/java/org/apache/kafka/controller/ReplicationControlManager.java:1823,metadata/src/main/java/org/apache/kafka/controller/ReplicationControlManager.java,1823,865,False,False,False,False,0.0,0.0,0.0,0.0
L088-Q3,metadata/src/main/java/org/apache/kafka/controller/ReplicationControlManager.java:1823,metadata/src/main/java/org/apache/kafka/controller/ReplicationControlManager.java,1823,1,True,True,True,True,1.0,1.0,1.0,1.0
L089-Q1,metadata/src/main/java/org/apache/kafka/controller/ReplicationControlManager.java:1660,metadata/src/main/java/org/apache/kafka/controller/ReplicationControlManager.java,1660,49,False,False,False,False,0.0,0.0,0.0,0.0
L089-Q2,metadata/src/main/java/org/apache/kafka/controller/ReplicationControlManager.java:1660,metadata/src/main/java/org/apache/kafka/controller/ReplicationControlManager.java,1660,12,False,False,True,True,0.0,0.0,0.08333333333333333,0.08333333333333333
L089-Q3,metadata/src/main/java/org/apache/kafka/controller/ReplicationControlManager.java:1660,metadata/src/main/java/org/apache/kafka/controller/ReplicationControlManager.java,1660,1,True,True,True,True,1.0,1.0,1.0,1.0
L090-Q1,metadata/src/main/java/org/apache/kafka/controller/ReplicationControlManager.java:2285,metadata/src/main/java/org/apache/kafka/controller/ReplicationControlManager.java,2285,1,True,True,True,True,1.0,1.0,1.0,1.0
L090-Q2,metadata/src/main/java/org/apache/kafka/controller/ReplicationControlManager.java:2285,metadata/src/main/java/org/apache/kafka/controller/ReplicationControlManager.java,2285,20,False,False,False,True,0.0,0.0,0.0,0.05
L090-Q3,metadata/src/main/java/org/apache/kafka/controller/ReplicationControlManager.java:2285,metadata/src/main/java/org/apache/kafka/controller/ReplicationControlManager.java,2285,15,False,False,True,True,0.0,0.0,0.06666666666666667,0.06666666666666667
L091-Q1,metadata/src/main/java/org/apache/kafka/controller/QuorumController.java:1067,metadata/src/main/java/org/apache/kafka/controller/QuorumController.java,1067,2,True,True,True,True,0.5,0.5,0.5,0.5
L091-Q2,metadata/src/main/java/org/apache/kafka/controller/QuorumController.java:1067,metadata/src/main/java/org/apache/kafka/controller/QuorumController.java,1067,1,True,True,True,True,1.0,1.0,1.0,1.0
L091-Q3,metadata/src/main/java/org/apache/kafka/controller/QuorumController.java:1067,metadata/src/main/java/org/apache/kafka/controller/QuorumController.java,1067,11,False,False,True,True,0.0,0.0,0.09090909090909091,0.09090909090909091
L092-Q1,metadata/src/main/java/org/apache/kafka/controller/EventPerformanceMonitor.java:142,metadata/src/main/java/org/apache/kafka/controller/EventPerformanceMonitor.java,142,845,False,False,False,False,0.0,0.0,0.0,0.0
L092-Q2,metadata/src/main/java/org/apache/kafka/controller/EventPerformanceMonitor.java:142,metadata/src/main/java/org/apache/kafka/controller/EventPerformanceMonitor.java,142,973,False,False,False,False,0.0,0.0,0.0,0.0
L092-Q3,metadata/src/main/java/org/apache/kafka/controller/EventPerformanceMonitor.java:142,metadata/src/main/java/org/apache/kafka/controller/EventPerformanceMonitor.java,142,936,False,False,False,False,0.0,0.0,0.0,0.0
L093-Q1,metadata/src/main/java/org/apache/kafka/controller/FeatureControlManager.java:403,metadata/src/main/java/org/apache/kafka/controller/FeatureControlManager.java,403,3,True,True,True,True,0.3333333333333333,0.3333333333333333,0.3333333333333333,0.3333333333333333
L093-Q2,metadata/src/main/java/org/apache/kafka/controller/FeatureControlManager.java:403,metadata/src/main/java/org/apache/kafka/controller/FeatureControlManager.java,403,13,False,False,True,True,0.0,0.0,0.07692307692307693,0.07692307692307693
L093-Q3,metadata/src/main/java/org/apache/kafka/controller/FeatureControlManager.java:403,metadata/src/main/java/org/apache/kafka/controller/FeatureControlManager.java,403,1,True,True,True,True,1.0,1.0,1.0,1.0
L094-Q1,metadata/src/main/java/org/apache/kafka/controller/ReplicationControlManager.java:2271,metadata/src/main/java/org/apache/kafka/controller/ReplicationControlManager.java,2271,3,True,True,True,True,0.3333333333333333,0.3333333333333333,0.3333333333333333,0.3333333333333333
L094-Q2,metadata/src/main/java/org/apache/kafka/controller/ReplicationControlManager.java:2271,metadata/src/main/java/org/apache/kafka/controller/ReplicationControlManager.java,2271,1,True,True,True,True,1.0,1.0,1.0,1.0
L094-Q3,metadata/src/main/java/org/apache/kafka/controller/ReplicationControlManager.java:2271,metadata/src/main/java/org/apache/kafka/controller/ReplicationControlManager.java,2271,6,False,True,True,True,0.0,0.16666666666666666,0.16666666666666666,0.16666666666666666
L095-Q1,metadata/src/main/java/org/apache/kafka/controller/ReplicationControlManager.java:2282,metadata/src/main/java/org/apache/kafka/controller/ReplicationControlManager.java,2282,1,True,True,True,True,1.0,1.0,1.0,1.0
L095-Q2,metadata/src/main/java/org/apache/kafka/controller/ReplicationControlManager.java:2282,metadata/src/main/java/org/apache/kafka/controller/ReplicationControlManager.java,2282,2,True,True,True,True,0.5,0.5,0.5,0.5
L095-Q3,metadata/src/main/java/org/apache/kafka/controller/ReplicationControlManager.java:2282,metadata/src/main/java/org/apache/kafka/controller/ReplicationControlManager.java,2282,9,False,True,True,True,0.0,0.1111111111111111,0.1111111111111111,0.1111111111111111
L096-Q1,metadata/src/main/java/org/apache/kafka/controller/QuorumController.java:1071,metadata/src/main/java/org/apache/kafka/controller/QuorumController.java,1071,35,False,False,False,False,0.0,0.0,0.0,0.0
L096-Q2,metadata/src/main/java/org/apache/kafka/controller/QuorumController.java:1071,metadata/src/main/java/org/apache/kafka/controller/QuorumController.java,1071,97,False,False,False,False,0.0,0.0,0.0,0.0
L096-Q3,metadata/src/main/java/org/apache/kafka/controller/QuorumController.java:1071,metadata/src/main/java/org/apache/kafka/controller/QuorumController.java,1071,2,True,True,True,True,0.5,0.5,0.5,0.5
L097-Q1,core/src/main/scala/kafka/log/LogManager.scala:1167,core/src/main/scala/kafka/log/LogManager.scala,1167,1,True,True,True,True,1.0,1.0,1.0,1.0
L097-Q2,core/src/main/scala/kafka/log/LogManager.scala:1167,core/src/main/scala/kafka/log/LogManager.scala,1167,1,True,True,True,True,1.0,1.0,1.0,1.0
L097-Q3,core/src/main/scala/kafka/log/LogManager.scala:1167,core/src/main/scala/kafka/log/LogManager.scala,1167,1,True,True,True,True,1.0,1.0,1.0,1.0
L098-Q1,core/src/main/scala/kafka/server/ReplicaManager.scala:1871,core/src/main/scala/kafka/server/ReplicaManager.scala,1871,9,False,True,True,True,0.0,0.1111111111111111,0.1111111111111111,0.1111111111111111
L098-Q2,core/src/main/scala/kafka/server/ReplicaManager.scala:1871,core/src/main/scala/kafka/server/ReplicaManager.scala,1871,1,True,True,True,True,1.0,1.0,1.0,1.0
L098-Q3,core/src/main/scala/kafka/server/ReplicaManager.scala:1871,core/src/main/scala/kafka/server/ReplicaManager.scala,1871,1,True,True,True,True,1.0,1.0,1.0,1.0
L099-Q1,core/src/main/scala/kafka/server/KafkaConfig.scala:554,core/src/main/scala/kafka/server/KafkaConfig.scala,554,673,False,False,False,False,0.0,0.0,0.0,0.0
L099-Q2,core/src/main/scala/kafka/server/KafkaConfig.scala:554,core/src/main/scala/kafka/server/KafkaConfig.scala,554,947,False,False,False,False,0.0,0.0,0.0,0.0
L099-Q3,core/src/main/scala/kafka/server/KafkaConfig.scala:554,core/src/main/scala/kafka/server/KafkaConfig.scala,554,454,False,False,False,False,0.0,0.0,0.0,0.0
L100-Q1,core/src/main/scala/kafka/server/AlterPartitionManager.scala:144,core/src/main/scala/kafka/server/AlterPartitionManager.scala,144,124,False,False,False,False,0.0,0.0,0.0,0.0
L100-Q2,core/src/main/scala/kafka/server/AlterPartitionManager.scala:144,core/src/main/scala/kafka/server/AlterPartitionManager.scala,144,8,False,True,True,True,0.0,0.125,0.125,0.125
L100-Q3,core/src/main/scala/kafka/server/AlterPartitionManager.scala:144,core/src/main/scala/kafka/server/AlterPartitionManager.scala,144,100,False,False,False,False,0.0,0.0,0.0,0.0
KAFKA-19586-Q1,metadata/src/main/java/org/apache/kafka/controller/ReplicationControlManager.java:1698,metadata/src/main/java/org/apache/kafka/controller/ReplicationControlManager.java,1698,7,False,True,True,True,0.0,0.14285714285714285,0.14285714285714285,0.14285714285714285
KAFKA-19586-Q2,metadata/src/main/java/org/apache/kafka/controller/ReplicationControlManager.java:1698,metadata/src/main/java/org/apache/kafka/controller/ReplicationControlManager.java,1698,1,True,True,True,True,1.0,1.0,1.0,1.0
KAFKA-19586-Q3,metadata/src/main/java/org/apache/kafka/controller/ReplicationControlManager.java:1698,metadata/src/main/java/org/apache/kafka/controller/ReplicationControlManager.java,1698,1,True,True,True,True,1.0,1.0,1.0,1.0
KAFKA-9877-RM-Q1,core/src/main/scala/kafka/server/ReplicaManager.scala:2172,core/src/main/scala/kafka/server/ReplicaManager.scala,2172,1,True,True,True,True,1.0,1.0,1.0,1.0
KAFKA-9877-RM-Q2,core/src/main/scala/kafka/server/ReplicaManager.scala:2172,core/src/main/scala/kafka/server/ReplicaManager.scala,2172,2,True,True,True,True,0.5,0.5,0.5,0.5
KAFKA-9877-RM-Q3,core/src/main/scala/kafka/server/ReplicaManager.scala:2172,core/src/main/scala/kafka/server/ReplicaManager.scala,2172,2,True,True,True,True,0.5,0.5,0.5,0.5
KAFKA-9877-AF-Q2,core/src/main/scala/kafka/server/AbstractFetcherManager.scala:203,core/src/main/scala/kafka/server/AbstractFetcherManager.scala,203,1,True,True,True,True,1.0,1.0,1.0,1.0
KAFKA-9877-LM-Q1,core/src/main/scala/kafka/log/LogManager.scala:228,core/src/main/scala/kafka/log/LogManager.scala,228,1,True,True,True,True,1.0,1.0,1.0,1.0
KAFKA-9877-LM-Q2,core/src/main/scala/kafka/log/LogManager.scala:228,core/src/main/scala/kafka/log/LogManager.scala,228,1,True,True,True,True,1.0,1.0,1.0,1.0
KAFKA-9357-Q1,clients/src/main/java/org/apache/kafka/clients/FetchSessionHandler.java:618,clients/src/main/java/org/apache/kafka/clients/FetchSessionHandler.java,618,64,False,False,False,False,0.0,0.0,0.0,0.0
KAFKA-9357-Q2,clients/src/main/java/org/apache/kafka/clients/FetchSessionHandler.java:618,clients/src/main/java/org/apache/kafka/clients/FetchSessionHandler.java,618,2,True,True,True,True,0.5,0.5,0.5,0.5
KAFKA-9357-Q3,clients/src/main/java/org/apache/kafka/clients/FetchSessionHandler.java:618,clients/src/main/java/org/apache/kafka/clients/FetchSessionHandler.java,618,16,False,False,False,True,0.0,0.0,0.0,0.0625
KAFKA-8046-Q1,core/src/main/scala/kafka/log/LogManager.scala:228,core/src/main/scala/kafka/log/LogManager.scala,228,1,True,True,True,True,1.0,1.0,1.0,1.0
KAFKA-8046-Q2,core/src/main/scala/kafka/log/LogManager.scala:228,core/src/main/scala/kafka/log/LogManager.scala,228,1,True,True,True,True,1.0,1.0,1.0,1.0
KAFKA-13960-Q1,core/src/main/scala/kafka/log/LogManager.scala:228,core/src/main/scala/kafka/log/LogManager.scala,228,1,True,True,True,True,1.0,1.0,1.0,1.0
KAFKA-13960-Q2,core/src/main/scala/kafka/log/LogManager.scala:228,core/src/main/scala/kafka/log/LogManager.scala,228,1,True,True,True,True,1.0,1.0,1.0,1.0
KAFKA-9016-Q3,core/src/main/scala/kafka/server/ReplicaManager.scala:2172,core/src/main/scala/kafka/server/ReplicaManager.scala,2172,1,True,True,True,True,1.0,1.0,1.0,1.0
KAFKA-13317-Q1,clients/src/main/java/org/apache/kafka/clients/FetchSessionHandler.java:618,clients/src/main/java/org/apache/kafka/clients/FetchSessionHandler.java,618,130,False,False,False,False,0.0,0.0,0.0,0.0
KAFKA-13317-Q2,clients/src/main/java/org/apache/kafka/clients/FetchSessionHandler.java:618,clients/src/main/java/org/apache/kafka/clients/FetchSessionHandler.java,618,482,False,False,False,False,0.0,0.0,0.0,0.0
KAFKA-13317-Q3,clients/src/main/java/org/apache/kafka/clients/FetchSessionHandler.java:618,clients/src/main/java/org/apache/kafka/clients/FetchSessionHandler.java,618,115,False,False,False,False,0.0,0.0,0.0,0.0
KAFKA-7802-Q2,clients/src/main/java/org/apache/kafka/clients/FetchSessionHandler.java:618,clients/src/main/java/org/apache/kafka/clients/FetchSessionHandler.java,618,184,False,False,False,False,0.0,0.0,0.0,0.0
