query_id,canonical_target,gold_file,gold_line,gold_rank,num_query_entities,hit@5,hit@10,hit@15,hit@20,rr@5,rr@10,rr@15,rr@20
L001-Q1,metadata/src/main/java/org/apache/kafka/controller/ReplicationControlManager.java:2055,metadata/src/main/java/org/apache/kafka/controller/ReplicationControlManager.java,2055,579,1,False,False,False,False,0.0,0.0,0.0,0.0
L001-Q2,metadata/src/main/java/org/apache/kafka/controller/ReplicationControlManager.java:2055,metadata/src/main/java/org/apache/kafka/controller/ReplicationControlManager.java,2055,744,1,False,False,False,False,0.0,0.0,0.0,0.0
L001-Q3,metadata/src/main/java/org/apache/kafka/controller/ReplicationControlManager.java:2055,metadata/src/main/java/org/apache/kafka/controller/ReplicationControlManager.java,2055,503,4,False,False,False,False,0.0,0.0,0.0,0.0
L002-Q1,core/src/main/scala/kafka/server/ReplicaManager.scala:2392,core/src/main/scala/kafka/server/ReplicaManager.scala,2392,1,2,True,True,True,True,1.0,1.0,1.0,1.0
L002-Q2,core/src/main/scala/kafka/server/ReplicaManager.scala:2392,core/src/main/scala/kafka/server/ReplicaManager.scala,2392,1,2,True,True,True,True,1.0,1.0,1.0,1.0
L002-Q3,core/src/main/scala/kafka/server/ReplicaManager.scala:2392,core/src/main/scala/kafka/server/ReplicaManager.scala,2392,38,4,False,False,False,False,0.0,0.0,0.0,0.0
L003-Q1,metadata/src/main/java/org/apache/kafka/controller/ReplicationControlManager.java:1266,metadata/src/main/java/org/apache/kafka/controller/ReplicationControlManager.java,1266,90,5,False,False,False,False,0.0,0.0,0.0,0.0
L003-Q2,metadata/src/main/java/org/apache/kafka/controller/ReplicationControlManager.java:1266,metadata/src/main/java/org/apache/kafka/controller/ReplicationControlManager.java,1266,4,4,True,True,True,True,0.25,0.25,0.25,0.25
L003-Q3,metadata/src/main/java/org/apache/kafka/controller/ReplicationControlManager.java:1266,metadata/src/main/java/org/apache/kafka/controller/ReplicationControlManager.java,1266,46,3,False,False,False,False,0.0,0.0,0.0,0.0
L004-Q1,metadata/src/main/java/org/apache/kafka/controller/BrokerHeartbeatManager.java:455,metadata/src/main/java/org/apache/kafka/controller/BrokerHeartbeatManager.java,455,26,3,False,False,False,False,0.0,0.0,0.0,0.0
L004-Q2,metadata/src/main/java/org/apache/kafka/controller/BrokerHeartbeatManager.java:455,metadata/src/main/java/org/apache/kafka/controller/BrokerHeartbeatManager.java,455,15,1,False,False,True,True,0.0,0.0,0.06666666666666667,0.06666666666666667
L004-Q3,metadata/src/main/java/org/apache/kafka/controller/BrokerHeartbeatManager.java:455,metadata/src/main/java/org/apache/kafka/controller/BrokerHeartbeatManager.java,455,15,1,False,False,True,True,0.0,0.0,0.06666666666666667,0.06666666666666667
L005-Q1,core/src/main/scala/kafka/server/ReplicaManager.scala:1407,core/src/main/scala/kafka/server/ReplicaManager.scala,1407,77,2,False,False,False,False,0.0,0.0,0.0,0.0
L005-Q2,core/src/main/scala/kafka/server/ReplicaManager.scala:1407,core/src/main/scala/kafka/server/ReplicaManager.scala,1407,211,1,False,False,False,False,0.0,0.0,0.0,0.0
L005-Q3,core/src/main/scala/kafka/server/ReplicaManager.scala:1407,core/src/main/scala/kafka/server/ReplicaManager.scala,1407,28,5,False,False,False,False,0.0,0.0,0.0,0.0
L006-Q1,metadata/src/main/java/org/apache/kafka/controller/PartitionChangeBuilder.java:450,metadata/src/main/java/org/apache/kafka/controller/PartitionChangeBuilder.java,450,336,3,False,False,False,False,0.0,0.0,0.0,0.0
L006-Q2,metadata/src/main/java/org/apache/kafka/controller/PartitionChangeBuilder.java:450,metadata/src/main/java/org/apache/kafka/controller/PartitionChangeBuilder.java,450,1374,3,False,False,False,False,0.0,0.0,0.0,0.0
L006-Q3,metadata/src/main/java/org/apache/kafka/controller/PartitionChangeBuilder.java:450,metadata/src/main/java/org/apache/kafka/controller/PartitionChangeBuilder.java,450,67,2,False,False,False,False,0.0,0.0,0.0,0.0
L007-Q1,core/src/main/scala/kafka/server/BrokerLifecycleManager.scala:417,core/src/main/scala/kafka/server/BrokerLifecycleManager.scala,417,3,3,True,True,True,True,0.3333333333333333,0.3333333333333333,0.3333333333333333,0.3333333333333333
L007-Q2,core/src/main/scala/kafka/server/BrokerLifecycleManager.scala:417,core/src/main/scala/kafka/server/BrokerLifecycleManager.scala,417,1465,1,False,False,False,False,0.0,0.0,0.0,0.0
L007-Q3,core/src/main/scala/kafka/server/BrokerLifecycleManager.scala:417,core/src/main/scala/kafka/server/BrokerLifecycleManager.scala,417,2,2,True,True,True,True,0.5,0.5,0.5,0.5
L008-Q1,core/src/main/scala/kafka/server/AbstractFetcherThread.scala:456,core/src/main/scala/kafka/server/AbstractFetcherThread.scala,456,196,3,False,False,False,False,0.0,0.0,0.0,0.0
L008-Q2,core/src/main/scala/kafka/server/AbstractFetcherThread.scala:456,core/src/main/scala/kafka/server/AbstractFetcherThread.scala,456,3,3,True,True,True,True,0.3333333333333333,0.3333333333333333,0.3333333333333333,0.3333333333333333
L008-Q3,core/src/main/scala/kafka/server/AbstractFetcherThread.scala:456,core/src/main/scala/kafka/server/AbstractFetcherThread.scala,456,96,1,False,False,False,False,0.0,0.0,0.0,0.0
L009-Q1,metadata/src/main/java/org/apache/kafka/controller/PeriodicTaskControlManager.java:178,metadata/src/main/java/org/apache/kafka/controller/PeriodicTaskControlManager.java,178,59,3,False,False,False,False,0.0,0.0,0.0,0.0
L009-Q2,metadata/src/main/java/org/apache/kafka/controller/PeriodicTaskControlManager.java:178,metadata/src/main/java/org/apache/kafka/controller/PeriodicTaskControlManager.java,178,579,1,False,False,False,False,0.0,0.0,0.0,0.0
L009-Q3,metadata/src/main/java/org/apache/kafka/controller/PeriodicTaskControlManager.java:178,metadata/src/main/java/org/apache/kafka/controller/PeriodicTaskControlManager.java,178,192,4,False,False,False,False,0.0,0.0,0.0,0.0
L010-Q1,core/src/main/scala/kafka/server/BrokerLifecycleManager.scala:471,core/src/main/scala/kafka/server/BrokerLifecycleManager.scala,471,846,2,False,False,False,False,0.0,0.0,0.0,0.0
L010-Q2,core/src/main/scala/kafka/server/BrokerLifecycleManager.scala:471,core/src/main/scala/kafka/server/BrokerLifecycleManager.scala,471,559,1,False,False,False,False,0.0,0.0,0.0,0.0
L010-Q3,core/src/main/scala/kafka/server/BrokerLifecycleManager.scala:471,core/src/main/scala/kafka/server/BrokerLifecycleManager.scala,471,882,3,False,False,False,False,0.0,0.0,0.0,0.0
L011-Q1,core/src/main/scala/kafka/server/ReplicaManager.scala:1317,core/src/main/scala/kafka/server/ReplicaManager.scala,1317,1342,1,False,False,False,False,0.0,0.0,0.0,0.0
L011-Q2,core/src/main/scala/kafka/server/ReplicaManager.scala:1317,core/src/main/scala/kafka/server/ReplicaManager.scala,1317,973,1,False,False,False,False,0.0,0.0,0.0,0.0
L011-Q3,core/src/main/scala/kafka/server/ReplicaManager.scala:1317,core/src/main/scala/kafka/server/ReplicaManager.scala,1317,948,3,False,False,False,False,0.0,0.0,0.0,0.0
L012-Q1,metadata/src/main/java/org/apache/kafka/controller/BrokerHeartbeatManager.java:408,metadata/src/main/java/org/apache/kafka/controller/BrokerHeartbeatManager.java,408,784,2,False,False,False,False,0.0,0.0,0.0,0.0
L012-Q2,metadata/src/main/java/org/apache/kafka/controller/BrokerHeartbeatManager.java:408,metadata/src/main/java/org/apache/kafka/controller/BrokerHeartbeatManager.java,408,116,2,False,False,False,False,0.0,0.0,0.0,0.0
L012-Q3,metadata/src/main/java/org/apache/kafka/controller/BrokerHeartbeatManager.java:408,metadata/src/main/java/org/apache/kafka/controller/BrokerHeartbeatManager.java,408,330,4,False,False,False,False,0.0,0.0,0.0,0.0
L013-Q1,core/src/main/scala/kafka/network/SocketServer.scala:931,core/src/main/scala/kafka/network/SocketServer.scala,931,3,2,True,True,True,True,0.3333333333333333,0.3333333333333333,0.3333333333333333,0.3333333333333333
L013-Q2,core/src/main/scala/kafka/network/SocketServer.scala:931,core/src/main/scala/kafka/network/SocketServer.scala,931,6,1,False,True,True,True,0.0,0.16666666666666666,0.16666666666666666,0.16666666666666666
L013-Q3,core/src/main/scala/kafka/network/SocketServer.scala:931,core/src/main/scala/kafka/network/SocketServer.scala,931,3,1,True,True,True,True,0.3333333333333333,0.3333333333333333,0.3333333333333333,0.3333333333333333
L014-Q1,core/src/main/scala/kafka/network/SocketServer.scala:994,core/src/main/scala/kafka/network/SocketServer.scala,994,5,2,True,True,True,True,0.2,0.2,0.2,0.2
L014-Q2,core/src/main/scala/kafka/network/SocketServer.scala:994,core/src/main/scala/kafka/network/SocketServer.scala,994,5,1,True,True,True,True,0.2,0.2,0.2,0.2
L014-Q3,core/src/main/scala/kafka/network/SocketServer.scala:994,core/src/main/scala/kafka/network/SocketServer.scala,994,1,3,True,True,True,True,1.0,1.0,1.0,1.0
L015-Q1,core/src/main/scala/kafka/server/ControllerRegistrationManager.scala:205,core/src/main/scala/kafka/server/ControllerRegistrationManager.scala,205,13,3,False,False,True,True,0.0,0.0,0.07692307692307693,0.07692307692307693
L015-Q2,core/src/main/scala/kafka/server/ControllerRegistrationManager.scala:205,core/src/main/scala/kafka/server/ControllerRegistrationManager.scala,205,3,2,True,True,True,True,0.3333333333333333,0.3333333333333333,0.3333333333333333,0.3333333333333333
L015-Q3,core/src/main/scala/kafka/server/ControllerRegistrationManager.scala:205,core/src/main/scala/kafka/server/ControllerRegistrationManager.scala,205,4,2,True,True,True,True,0.25,0.25,0.25,0.25
L016-Q1,core/src/main/scala/kafka/server/ControllerApis.scala:153,core/src/main/scala/kafka/server/ControllerApis.scala,153,162,3,False,False,False,False,0.0,0.0,0.0,0.0
L016-Q2,core/src/main/scala/kafka/server/ControllerApis.scala:153,core/src/main/scala/kafka/server/ControllerApis.scala,153,87,2,False,False,False,False,0.0,0.0,0.0,0.0
L016-Q3,core/src/main/scala/kafka/server/ControllerApis.scala:153,core/src/main/scala/kafka/server/ControllerApis.scala,153,185,3,False,False,False,False,0.0,0.0,0.0,0.0
L017-Q1,core/src/main/scala/kafka/server/KafkaApis.scala:1252,core/src/main/scala/kafka/server/KafkaApis.scala,1252,364,3,False,False,False,False,0.0,0.0,0.0,0.0
L017-Q2,core/src/main/scala/kafka/server/KafkaApis.scala:1252,core/src/main/scala/kafka/server/KafkaApis.scala,1252,209,1,False,False,False,False,0.0,0.0,0.0,0.0
L017-Q3,core/src/main/scala/kafka/server/KafkaApis.scala:1252,core/src/main/scala/kafka/server/KafkaApis.scala,1252,11,3,False,False,True,True,0.0,0.0,0.09090909090909091,0.09090909090909091
L018-Q1,core/src/main/scala/kafka/network/SocketServer.scala:537,core/src/main/scala/kafka/network/SocketServer.scala,537,9,3,False,True,True,True,0.0,0.1111111111111111,0.1111111111111111,0.1111111111111111
L018-Q2,core/src/main/scala/kafka/network/SocketServer.scala:537,core/src/main/scala/kafka/network/SocketServer.scala,537,328,1,False,False,False,False,0.0,0.0,0.0,0.0
L018-Q3,core/src/main/scala/kafka/network/SocketServer.scala:537,core/src/main/scala/kafka/network/SocketServer.scala,537,8,2,False,True,True,True,0.0,0.125,0.125,0.125
L019-Q1,core/src/main/scala/kafka/server/FetchSession.scala:863,core/src/main/scala/kafka/server/FetchSession.scala,863,1519,2,False,False,False,False,0.0,0.0,0.0,0.0
L019-Q2,core/src/main/scala/kafka/server/FetchSession.scala:863,core/src/main/scala/kafka/server/FetchSession.scala,863,1519,2,False,False,False,False,0.0,0.0,0.0,0.0
L019-Q3,core/src/main/scala/kafka/server/FetchSession.scala:863,core/src/main/scala/kafka/server/FetchSession.scala,863,1519,1,False,False,False,False,0.0,0.0,0.0,0.0
L020-Q1,core/src/main/scala/kafka/server/KafkaApis.scala:376,core/src/main/scala/kafka/server/KafkaApis.scala,376,7,4,False,True,True,True,0.0,0.14285714285714285,0.14285714285714285,0.14285714285714285
L020-Q2,core/src/main/scala/kafka/server/KafkaApis.scala:376,core/src/main/scala/kafka/server/KafkaApis.scala,376,22,2,False,False,False,False,0.0,0.0,0.0,0.0
L020-Q3,core/src/main/scala/kafka/server/KafkaApis.scala:376,core/src/main/scala/kafka/server/KafkaApis.scala,376,268,4,False,False,False,False,0.0,0.0,0.0,0.0
L021-Q1,core/src/main/scala/kafka/network/SocketServer.scala:1033,core/src/main/scala/kafka/network/SocketServer.scala,1033,1533,2,False,False,False,False,0.0,0.0,0.0,0.0
L021-Q2,core/src/main/scala/kafka/network/SocketServer.scala:1033,core/src/main/scala/kafka/network/SocketServer.scala,1033,1533,3,False,False,False,False,0.0,0.0,0.0,0.0
L021-Q3,core/src/main/scala/kafka/network/SocketServer.scala:1033,core/src/main/scala/kafka/network/SocketServer.scala,1033,1533,1,False,False,False,False,0.0,0.0,0.0,0.0
L022-Q1,core/src/main/scala/kafka/server/AbstractFetcherThread.scala:711,core/src/main/scala/kafka/server/AbstractFetcherThread.scala,711,177,5,False,False,False,False,0.0,0.0,0.0,0.0
L022-Q2,core/src/main/scala/kafka/server/AbstractFetcherThread.scala:711,core/src/main/scala/kafka/server/AbstractFetcherThread.scala,711,52,1,False,False,False,False,0.0,0.0,0.0,0.0
L022-Q3,core/src/main/scala/kafka/server/AbstractFetcherThread.scala:711,core/src/main/scala/kafka/server/AbstractFetcherThread.scala,711,237,4,False,False,False,False,0.0,0.0,0.0,0.0
L023-Q1,core/src/main/scala/kafka/server/BrokerLifecycleManager.scala:332,core/src/main/scala/kafka/server/BrokerLifecycleManager.scala,332,1448,3,False,False,False,False,0.0,0.0,0.0,0.0
L023-Q2,core/src/main/scala/kafka/server/BrokerLifecycleManager.scala:332,core/src/main/scala/kafka/server/BrokerLifecycleManager.scala,332,1484,1,False,False,False,False,0.0,0.0,0.0,0.0
L023-Q3,core/src/main/scala/kafka/server/BrokerLifecycleManager.scala:332,core/src/main/scala/kafka/server/BrokerLifecycleManager.scala,332,1400,2,False,False,False,False,0.0,0.0,0.0,0.0
L024-Q1,core/src/main/scala/kafka/server/AbstractFetcherThread.scala:450,core/src/main/scala/kafka/server/AbstractFetcherThread.scala,450,356,5,False,False,False,False,0.0,0.0,0.0,0.0
L024-Q2,core/src/main/scala/kafka/server/AbstractFetcherThread.scala:450,core/src/main/scala/kafka/server/AbstractFetcherThread.scala,450,649,1,False,False,False,False,0.0,0.0,0.0,0.0
L024-Q3,core/src/main/scala/kafka/server/AbstractFetcherThread.scala:450,core/src/main/scala/kafka/server/AbstractFetcherThread.scala,450,134,4,False,False,False,False,0.0,0.0,0.0,0.0
L025-Q1,core/src/main/scala/kafka/network/RequestChannel.scala:503,core/src/main/scala/kafka/network/RequestChannel.scala,503,490,3,False,False,False,False,0.0,0.0,0.0,0.0
L025-Q2,core/src/main/scala/kafka/network/RequestChannel.scala:503,core/src/main/scala/kafka/network/RequestChannel.scala,503,490,3,False,False,False,False,0.0,0.0,0.0,0.0
L025-Q3,core/src/main/scala/kafka/network/RequestChannel.scala:503,core/src/main/scala/kafka/network/RequestChannel.scala,503,1218,3,False,False,False,False,0.0,0.0,0.0,0.0
L026-Q1,core/src/main/scala/kafka/server/ReplicaManager.scala:2508,core/src/main/scala/kafka/server/ReplicaManager.scala,2508,536,2,False,False,False,False,0.0,0.0,0.0,0.0
L026-Q2,core/src/main/scala/kafka/server/ReplicaManager.scala:2508,core/src/main/scala/kafka/server/ReplicaManager.scala,2508,590,2,False,False,False,False,0.0,0.0,0.0,0.0
L026-Q3,core/src/main/scala/kafka/server/ReplicaManager.scala:2508,core/src/main/scala/kafka/server/ReplicaManager.scala,2508,729,3,False,False,False,False,0.0,0.0,0.0,0.0
L027-Q1,core/src/main/scala/kafka/server/AutoTopicCreationManager.scala:311,core/src/main/scala/kafka/server/AutoTopicCreationManager.scala,311,1,2,True,True,True,True,1.0,1.0,1.0,1.0
L027-Q2,core/src/main/scala/kafka/server/AutoTopicCreationManager.scala:311,core/src/main/scala/kafka/server/AutoTopicCreationManager.scala,311,441,0,False,False,False,False,0.0,0.0,0.0,0.0
L027-Q3,core/src/main/scala/kafka/server/AutoTopicCreationManager.scala:311,core/src/main/scala/kafka/server/AutoTopicCreationManager.scala,311,606,1,False,False,False,False,0.0,0.0,0.0,0.0
L028-Q1,core/src/main/scala/kafka/log/LogManager.scala:612,core/src/main/scala/kafka/log/LogManager.scala,612,2,3,True,True,True,True,0.5,0.5,0.5,0.5
L028-Q2,core/src/main/scala/kafka/log/LogManager.scala:612,core/src/main/scala/kafka/log/LogManager.scala,612,1,1,True,True,True,True,1.0,1.0,1.0,1.0
L028-Q3,core/src/main/scala/kafka/log/LogManager.scala:612,core/src/main/scala/kafka/log/LogManager.scala,612,1,1,True,True,True,True,1.0,1.0,1.0,1.0
L029-Q1,core/src/main/scala/kafka/server/AutoTopicCreationManager.scala:275,core/src/main/scala/kafka/server/AutoTopicCreationManager.scala,275,1527,3,False,False,False,False,0.0,0.0,0.0,0.0
L029-Q2,core/src/main/scala/kafka/server/AutoTopicCreationManager.scala:275,core/src/main/scala/kafka/server/AutoTopicCreationManager.scala,275,1527,2,False,False,False,False,0.0,0.0,0.0,0.0
L029-Q3,core/src/main/scala/kafka/server/AutoTopicCreationManager.scala:275,core/src/main/scala/kafka/server/AutoTopicCreationManager.scala,275,1527,4,False,False,False,False,0.0,0.0,0.0,0.0
L030-Q1,core/src/main/scala/kafka/server/KafkaRequestHandler.scala:124,core/src/main/scala/kafka/server/KafkaRequestHandler.scala,124,2,4,True,True,True,True,0.5,0.5,0.5,0.5
L030-Q2,core/src/main/scala/kafka/server/KafkaRequestHandler.scala:124,core/src/main/scala/kafka/server/KafkaRequestHandler.scala,124,1339,2,False,False,False,False,0.0,0.0,0.0,0.0
L030-Q3,core/src/main/scala/kafka/server/KafkaRequestHandler.scala:124,core/src/main/scala/kafka/server/KafkaRequestHandler.scala,124,1339,2,False,False,False,False,0.0,0.0,0.0,0.0
L031-Q1,metadata/src/main/java/org/apache/kafka/controller/BrokerHeartbeatManager.java:413,metadata/src/main/java/org/apache/kafka/controller/BrokerHeartbeatManager.java,413,20,4,False,False,False,True,0.0,0.0,0.0,0.05
L031-Q2,metadata/src/main/java/org/apache/kafka/controller/BrokerHeartbeatManager.java:413,metadata/src/main/java/org/apache/kafka/controller/BrokerHeartbeatManager.java,413,4,4,True,True,True,True,0.25,0.25,0.25,0.25
L031-Q3,metadata/src/main/java/org/apache/kafka/controller/BrokerHeartbeatManager.java:413,metadata/src/main/java/org/apache/kafka/controller/BrokerHeartbeatManager.java,413,4,3,True,True,True,True,0.25,0.25,0.25,0.25
L032-Q1,core/src/main/scala/kafka/server/AlterPartitionManager.scala:247,core/src/main/scala/kafka/server/AlterPartitionManager.scala,247,552,3,False,False,False,False,0.0,0.0,0.0,0.0
L032-Q2,core/src/main/scala/kafka/server/AlterPartitionManager.scala:247,core/src/main/scala/kafka/server/AlterPartitionManager.scala,247,834,4,False,False,False,False,0.0,0.0,0.0,0.0
L032-Q3,core/src/main/scala/kafka/server/AlterPartitionManager.scala:247,core/src/main/scala/kafka/server/AlterPartitionManager.scala,247,4,4,True,True,True,True,0.25,0.25,0.25,0.25
L033-Q1,core/src/main/scala/kafka/network/SocketServer.scala:691,core/src/main/scala/kafka/network/SocketServer.scala,691,51,1,False,False,False,False,0.0,0.0,0.0,0.0
L033-Q2,core/src/main/scala/kafka/network/SocketServer.scala:691,core/src/main/scala/kafka/network/SocketServer.scala,691,51,1,False,False,False,False,0.0,0.0,0.0,0.0
L033-Q3,core/src/main/scala/kafka/network/SocketServer.scala:691,core/src/main/scala/kafka/network/SocketServer.scala,691,51,1,False,False,False,False,0.0,0.0,0.0,0.0
L034-Q1,core/src/main/scala/kafka/server/ReplicaManager.scala:2465,core/src/main/scala/kafka/server/ReplicaManager.scala,2465,1513,1,False,False,False,False,0.0,0.0,0.0,0.0
L034-Q2,core/src/main/scala/kafka/server/ReplicaManager.scala:2465,core/src/main/scala/kafka/server/ReplicaManager.scala,2465,1513,1,False,False,False,False,0.0,0.0,0.0,0.0
L034-Q3,core/src/main/scala/kafka/server/ReplicaManager.scala:2465,core/src/main/scala/kafka/server/ReplicaManager.scala,2465,1513,1,False,False,False,False,0.0,0.0,0.0,0.0
L035-Q1,metadata/src/main/java/org/apache/kafka/controller/ReplicationControlManager.java:1014,metadata/src/main/java/org/apache/kafka/controller/ReplicationControlManager.java,1014,878,1,False,False,False,False,0.0,0.0,0.0,0.0
L035-Q2,metadata/src/main/java/org/apache/kafka/controller/ReplicationControlManager.java:1014,metadata/src/main/java/org/apache/kafka/controller/ReplicationControlManager.java,1014,317,1,False,False,False,False,0.0,0.0,0.0,0.0
L035-Q3,metadata/src/main/java/org/apache/kafka/controller/ReplicationControlManager.java:1014,metadata/src/main/java/org/apache/kafka/controller/ReplicationControlManager.java,1014,878,1,False,False,False,False,0.0,0.0,0.0,0.0
L036-Q1,core/src/main/scala/kafka/server/AbstractFetcherThread.scala:444,core/src/main/scala/kafka/server/AbstractFetcherThread.scala,444,23,4,False,False,False,False,0.0,0.0,0.0,0.0
L036-Q2,core/src/main/scala/kafka/server/AbstractFetcherThread.scala:444,core/src/main/scala/kafka/server/AbstractFetcherThread.scala,444,917,1,False,False,False,False,0.0,0.0,0.0,0.0
L036-Q3,core/src/main/scala/kafka/server/AbstractFetcherThread.scala:444,core/src/main/scala/kafka/server/AbstractFetcherThread.scala,444,8,1,False,True,True,True,0.0,0.125,0.125,0.125
L037-Q1,metadata/src/main/java/org/apache/kafka/controller/ReplicationControlManager.java:568,metadata/src/main/java/org/apache/kafka/controller/ReplicationControlManager.java,568,1,2,True,True,True,True,1.0,1.0,1.0,1.0
L037-Q2,metadata/src/main/java/org/apache/kafka/controller/ReplicationControlManager.java:568,metadata/src/main/java/org/apache/kafka/controller/ReplicationControlManager.java,568,1,2,True,True,True,True,1.0,1.0,1.0,1.0
L037-Q3,metadata/src/main/java/org/apache/kafka/controller/ReplicationControlManager.java:568,metadata/src/main/java/org/apache/kafka/controller/ReplicationControlManager.java,568,1,1,True,True,True,True,1.0,1.0,1.0,1.0
L038-Q1,metadata/src/main/java/org/apache/kafka/controller/PeriodicTaskControlManager.java:175,metadata/src/main/java/org/apache/kafka/controller/PeriodicTaskControlManager.java,175,3,1,True,True,True,True,0.3333333333333333,0.3333333333333333,0.3333333333333333,0.3333333333333333
L038-Q2,metadata/src/main/java/org/apache/kafka/controller/PeriodicTaskControlManager.java:175,metadata/src/main/java/org/apache/kafka/controller/PeriodicTaskControlManager.java,175,416,2,False,False,False,False,0.0,0.0,0.0,0.0
L038-Q3,metadata/src/main/java/org/apache/kafka/controller/PeriodicTaskControlManager.java:175,metadata/src/main/java/org/apache/kafka/controller/PeriodicTaskControlManager.java,175,5,2,True,True,True,True,0.2,0.2,0.2,0.2
L039-Q1,core/src/main/scala/kafka/server/DynamicBrokerConfig.scala:394,core/src/main/scala/kafka/server/DynamicBrokerConfig.scala,394,4,1,True,True,True,True,0.25,0.25,0.25,0.25
L039-Q2,core/src/main/scala/kafka/server/DynamicBrokerConfig.scala:394,core/src/main/scala/kafka/server/DynamicBrokerConfig.scala,394,1,1,True,True,True,True,1.0,1.0,1.0,1.0
L039-Q3,core/src/main/scala/kafka/server/DynamicBrokerConfig.scala:394,core/src/main/scala/kafka/server/DynamicBrokerConfig.scala,394,286,3,False,False,False,False,0.0,0.0,0.0,0.0
L040-Q1,core/src/main/scala/kafka/server/FetchSession.scala:731,core/src/main/scala/kafka/server/FetchSession.scala,731,214,2,False,False,False,False,0.0,0.0,0.0,0.0
L040-Q2,core/src/main/scala/kafka/server/FetchSession.scala:731,core/src/main/scala/kafka/server/FetchSession.scala,731,137,1,False,False,False,False,0.0,0.0,0.0,0.0
L040-Q3,core/src/main/scala/kafka/server/FetchSession.scala:731,core/src/main/scala/kafka/server/FetchSession.scala,731,16,2,False,False,False,True,0.0,0.0,0.0,0.0625
L041-Q1,core/src/main/scala/kafka/server/FetchSession.scala:550,core/src/main/scala/kafka/server/FetchSession.scala,550,122,1,False,False,False,False,0.0,0.0,0.0,0.0
L041-Q2,core/src/main/scala/kafka/server/FetchSession.scala:550,core/src/main/scala/kafka/server/FetchSession.scala,550,122,1,False,False,False,False,0.0,0.0,0.0,0.0
L041-Q3,core/src/main/scala/kafka/server/FetchSession.scala:550,core/src/main/scala/kafka/server/FetchSession.scala,550,1,4,True,True,True,True,1.0,1.0,1.0,1.0
L042-Q1,core/src/main/scala/kafka/network/SocketServer.scala:548,core/src/main/scala/kafka/network/SocketServer.scala,548,43,4,False,False,False,False,0.0,0.0,0.0,0.0
L042-Q2,core/src/main/scala/kafka/network/SocketServer.scala:548,core/src/main/scala/kafka/network/SocketServer.scala,548,102,2,False,False,False,False,0.0,0.0,0.0,0.0
L042-Q3,core/src/main/scala/kafka/network/SocketServer.scala:548,core/src/main/scala/kafka/network/SocketServer.scala,548,21,3,False,False,False,False,0.0,0.0,0.0,0.0
L043-Q1,core/src/main/scala/kafka/server/NodeToControllerChannelManager.scala:313,core/src/main/scala/kafka/server/NodeToControllerChannelManager.scala,313,5,1,True,True,True,True,0.2,0.2,0.2,0.2
L043-Q2,core/src/main/scala/kafka/server/NodeToControllerChannelManager.scala:313,core/src/main/scala/kafka/server/NodeToControllerChannelManager.scala,313,5,1,True,True,True,True,0.2,0.2,0.2,0.2
L043-Q3,core/src/main/scala/kafka/server/NodeToControllerChannelManager.scala:313,core/src/main/scala/kafka/server/NodeToControllerChannelManager.scala,313,5,1,True,True,True,True,0.2,0.2,0.2,0.2
L044-Q1,core/src/main/scala/kafka/server/DynamicBrokerConfig.scala:584,core/src/main/scala/kafka/server/DynamicBrokerConfig.scala,584,358,3,False,False,False,False,0.0,0.0,0.0,0.0
L044-Q2,core/src/main/scala/kafka/server/DynamicBrokerConfig.scala:584,core/src/main/scala/kafka/server/DynamicBrokerConfig.scala,584,421,2,False,False,False,False,0.0,0.0,0.0,0.0
L044-Q3,core/src/main/scala/kafka/server/DynamicBrokerConfig.scala:584,core/src/main/scala/kafka/server/DynamicBrokerConfig.scala,584,17,3,False,False,False,True,0.0,0.0,0.0,0.058823529411764705
L045-Q1,core/src/main/scala/kafka/server/AutoTopicCreationManager.scala:267,core/src/main/scala/kafka/server/AutoTopicCreationManager.scala,267,1413,3,False,False,False,False,0.0,0.0,0.0,0.0
L045-Q2,core/src/main/scala/kafka/server/AutoTopicCreationManager.scala:267,core/src/main/scala/kafka/server/AutoTopicCreationManager.scala,267,447,0,False,False,False,False,0.0,0.0,0.0,0.0
L045-Q3,core/src/main/scala/kafka/server/AutoTopicCreationManager.scala:267,core/src/main/scala/kafka/server/AutoTopicCreationManager.scala,267,2,2,True,True,True,True,0.5,0.5,0.5,0.5
L046-Q1,core/src/main/scala/kafka/server/BrokerLifecycleManager.scala:554,core/src/main/scala/kafka/server/BrokerLifecycleManager.scala,554,1,2,True,True,True,True,1.0,1.0,1.0,1.0
L046-Q2,core/src/main/scala/kafka/server/BrokerLifecycleManager.scala:554,core/src/main/scala/kafka/server/BrokerLifecycleManager.scala,554,60,1,False,False,False,False,0.0,0.0,0.0,0.0
L046-Q3,core/src/main/scala/kafka/server/BrokerLifecycleManager.scala:554,core/src/main/scala/kafka/server/BrokerLifecycleManager.scala,554,2,2,True,True,True,True,0.5,0.5,0.5,0.5
L047-Q1,core/src/main/scala/kafka/server/metadata/ClientQuotaMetadataManager.scala:107,core/src/main/scala/kafka/server/metadata/ClientQuotaMetadataManager.scala,107,1511,4,False,False,False,False,0.0,0.0,0.0,0.0
L047-Q2,core/src/main/scala/kafka/server/metadata/ClientQuotaMetadataManager.scala:107,core/src/main/scala/kafka/server/metadata/ClientQuotaMetadataManager.scala,107,1511,1,False,False,False,False,0.0,0.0,0.0,0.0
L047-Q3,core/src/main/scala/kafka/server/metadata/ClientQuotaMetadataManager.scala:107,core/src/main/scala/kafka/server/metadata/ClientQuotaMetadataManager.scala,107,1511,3,False,False,False,False,0.0,0.0,0.0,0.0
L048-Q1,core/src/main/scala/kafka/server/AutoTopicCreationManager.scala:447,core/src/main/scala/kafka/server/AutoTopicCreationManager.scala,447,1523,1,False,False,False,False,0.0,0.0,0.0,0.0
L048-Q2,core/src/main/scala/kafka/server/AutoTopicCreationManager.scala:447,core/src/main/scala/kafka/server/AutoTopicCreationManager.scala,447,1523,1,False,False,False,False,0.0,0.0,0.0,0.0
L048-Q3,core/src/main/scala/kafka/server/AutoTopicCreationManager.scala:447,core/src/main/scala/kafka/server/AutoTopicCreationManager.scala,447,1523,4,False,False,False,False,0.0,0.0,0.0,0.0
L049-Q1,metadata/src/main/java/org/apache/kafka/controller/FeatureControlManager.java:414,metadata/src/main/java/org/apache/kafka/controller/FeatureControlManager.java,414,3,2,True,True,True,True,0.3333333333333333,0.3333333333333333,0.3333333333333333,0.3333333333333333
L049-Q2,metadata/src/main/java/org/apache/kafka/controller/FeatureControlManager.java:414,metadata/src/main/java/org/apache/kafka/controller/FeatureControlManager.java,414,5,4,True,True,True,True,0.2,0.2,0.2,0.2
L049-Q3,metadata/src/main/java/org/apache/kafka/controller/FeatureControlManager.java:414,metadata/src/main/java/org/apache/kafka/controller/FeatureControlManager.java,414,15,2,False,False,True,True,0.0,0.0,0.06666666666666667,0.06666666666666667
L050-Q1,core/src/main/scala/kafka/server/AbstractFetcherThread.scala:406,core/src/main/scala/kafka/server/AbstractFetcherThread.scala,406,72,3,False,False,False,False,0.0,0.0,0.0,0.0
L050-Q2,core/src/main/scala/kafka/server/AbstractFetcherThread.scala:406,core/src/main/scala/kafka/server/AbstractFetcherThread.scala,406,132,2,False,False,False,False,0.0,0.0,0.0,0.0
L050-Q3,core/src/main/scala/kafka/server/AbstractFetcherThread.scala:406,core/src/main/scala/kafka/server/AbstractFetcherThread.scala,406,70,2,False,False,False,False,0.0,0.0,0.0,0.0
L051-Q1,core/src/main/scala/kafka/log/LogManager.scala:689,core/src/main/scala/kafka/log/LogManager.scala,689,222,4,False,False,False,False,0.0,0.0,0.0,0.0
L051-Q2,core/src/main/scala/kafka/log/LogManager.scala:689,core/src/main/scala/kafka/log/LogManager.scala,689,3,1,True,True,True,True,0.3333333333333333,0.3333333333333333,0.3333333333333333,0.3333333333333333
L051-Q3,core/src/main/scala/kafka/log/LogManager.scala:689,core/src/main/scala/kafka/log/LogManager.scala,689,3,1,True,True,True,True,0.3333333333333333,0.3333333333333333,0.3333333333333333,0.3333333333333333
L052-Q1,core/src/main/scala/kafka/server/LocalLeaderEndPoint.scala:155,core/src/main/scala/kafka/server/LocalLeaderEndPoint.scala,155,1120,5,False,False,False,False,0.0,0.0,0.0,0.0
L052-Q2,core/src/main/scala/kafka/server/LocalLeaderEndPoint.scala:155,core/src/main/scala/kafka/server/LocalLeaderEndPoint.scala,155,897,1,False,False,False,False,0.0,0.0,0.0,0.0
L052-Q3,core/src/main/scala/kafka/server/LocalLeaderEndPoint.scala:155,core/src/main/scala/kafka/server/LocalLeaderEndPoint.scala,155,7,1,False,True,True,True,0.0,0.14285714285714285,0.14285714285714285,0.14285714285714285
L053-Q1,core/src/main/scala/kafka/server/RemoteLeaderEndPoint.scala:162,core/src/main/scala/kafka/server/RemoteLeaderEndPoint.scala,162,1,3,True,True,True,True,1.0,1.0,1.0,1.0
L053-Q2,core/src/main/scala/kafka/server/RemoteLeaderEndPoint.scala:162,core/src/main/scala/kafka/server/RemoteLeaderEndPoint.scala,162,20,1,False,False,False,True,0.0,0.0,0.0,0.05
L053-Q3,core/src/main/scala/kafka/server/RemoteLeaderEndPoint.scala:162,core/src/main/scala/kafka/server/RemoteLeaderEndPoint.scala,162,1,3,True,True,True,True,1.0,1.0,1.0,1.0
L054-Q1,core/src/main/scala/kafka/server/NodeToControllerChannelManager.scala:290,core/src/main/scala/kafka/server/NodeToControllerChannelManager.scala,290,1346,1,False,False,False,False,0.0,0.0,0.0,0.0
L054-Q2,core/src/main/scala/kafka/server/NodeToControllerChannelManager.scala:290,core/src/main/scala/kafka/server/NodeToControllerChannelManager.scala,290,1,1,True,True,True,True,1.0,1.0,1.0,1.0
L054-Q3,core/src/main/scala/kafka/server/NodeToControllerChannelManager.scala:290,core/src/main/scala/kafka/server/NodeToControllerChannelManager.scala,290,29,4,False,False,False,False,0.0,0.0,0.0,0.0
L055-Q1,core/src/main/scala/kafka/server/ConfigAdminManager.scala:255,core/src/main/scala/kafka/server/ConfigAdminManager.scala,255,587,1,False,False,False,False,0.0,0.0,0.0,0.0
L055-Q2,core/src/main/scala/kafka/server/ConfigAdminManager.scala:255,core/src/main/scala/kafka/server/ConfigAdminManager.scala,255,568,1,False,False,False,False,0.0,0.0,0.0,0.0
L055-Q3,core/src/main/scala/kafka/server/ConfigAdminManager.scala:255,core/src/main/scala/kafka/server/ConfigAdminManager.scala,255,1,1,True,True,True,True,1.0,1.0,1.0,1.0
L056-Q1,core/src/main/scala/kafka/log/LogManager.scala:1488,core/src/main/scala/kafka/log/LogManager.scala,1488,746,4,False,False,False,False,0.0,0.0,0.0,0.0
L056-Q2,core/src/main/scala/kafka/log/LogManager.scala:1488,core/src/main/scala/kafka/log/LogManager.scala,1488,1019,1,False,False,False,False,0.0,0.0,0.0,0.0
L056-Q3,core/src/main/scala/kafka/log/LogManager.scala:1488,core/src/main/scala/kafka/log/LogManager.scala,1488,63,3,False,False,False,False,0.0,0.0,0.0,0.0
L057-Q1,core/src/main/scala/kafka/server/BrokerLifecycleManager.scala:493,core/src/main/scala/kafka/server/BrokerLifecycleManager.scala,493,16,3,False,False,False,True,0.0,0.0,0.0,0.0625
L057-Q2,core/src/main/scala/kafka/server/BrokerLifecycleManager.scala:493,core/src/main/scala/kafka/server/BrokerLifecycleManager.scala,493,16,3,False,False,False,True,0.0,0.0,0.0,0.0625
L057-Q3,core/src/main/scala/kafka/server/BrokerLifecycleManager.scala:493,core/src/main/scala/kafka/server/BrokerLifecycleManager.scala,493,120,4,False,False,False,False,0.0,0.0,0.0,0.0
L058-Q1,core/src/main/scala/kafka/server/AutoTopicCreationManager.scala:272,core/src/main/scala/kafka/server/AutoTopicCreationManager.scala,272,1528,1,False,False,False,False,0.0,0.0,0.0,0.0
L058-Q2,core/src/main/scala/kafka/server/AutoTopicCreationManager.scala:272,core/src/main/scala/kafka/server/AutoTopicCreationManager.scala,272,1528,2,False,False,False,False,0.0,0.0,0.0,0.0
L058-Q3,core/src/main/scala/kafka/server/AutoTopicCreationManager.scala:272,core/src/main/scala/kafka/server/AutoTopicCreationManager.scala,272,1528,3,False,False,False,False,0.0,0.0,0.0,0.0
L059-Q1,core/src/main/scala/kafka/server/ReplicaFetcherThread.scala:91,core/src/main/scala/kafka/server/ReplicaFetcherThread.scala,91,1056,3,False,False,False,False,0.0,0.0,0.0,0.0
L059-Q2,core/src/main/scala/kafka/server/ReplicaFetcherThread.scala:91,core/src/main/scala/kafka/server/ReplicaFetcherThread.scala,91,1180,2,False,False,False,False,0.0,0.0,0.0,0.0
L059-Q3,core/src/main/scala/kafka/server/ReplicaFetcherThread.scala:91,core/src/main/scala/kafka/server/ReplicaFetcherThread.scala,91,1101,3,False,False,False,False,0.0,0.0,0.0,0.0
L060-Q1,core/src/main/scala/kafka/server/ControllerRegistrationManager.scala:252,core/src/main/scala/kafka/server/ControllerRegistrationManager.scala,252,167,4,False,False,False,False,0.0,0.0,0.0,0.0
L060-Q2,core/src/main/scala/kafka/server/ControllerRegistrationManager.scala:252,core/src/main/scala/kafka/server/ControllerRegistrationManager.scala,252,26,3,False,False,False,False,0.0,0.0,0.0,0.0
L060-Q3,core/src/main/scala/kafka/server/ControllerRegistrationManager.scala:252,core/src/main/scala/kafka/server/ControllerRegistrationManager.scala,252,12,5,False,False,True,True,0.0,0.0,0.08333333333333333,0.08333333333333333
L061-Q1,core/src/main/scala/kafka/server/BrokerServer.scala:785,core/src/main/scala/kafka/server/BrokerServer.scala,785,473,1,False,False,False,False,0.0,0.0,0.0,0.0
L061-Q2,core/src/main/scala/kafka/server/BrokerServer.scala:785,core/src/main/scala/kafka/server/BrokerServer.scala,785,388,0,False,False,False,False,0.0,0.0,0.0,0.0
L061-Q3,core/src/main/scala/kafka/server/BrokerServer.scala:785,core/src/main/scala/kafka/server/BrokerServer.scala,785,55,1,False,False,False,False,0.0,0.0,0.0,0.0
L062-Q1,core/src/main/scala/kafka/network/SocketServer.scala:945,core/src/main/scala/kafka/network/SocketServer.scala,945,3,3,True,True,True,True,0.3333333333333333,0.3333333333333333,0.3333333333333333,0.3333333333333333
L062-Q2,core/src/main/scala/kafka/network/SocketServer.scala:945,core/src/main/scala/kafka/network/SocketServer.scala,945,5,1,True,True,True,True,0.2,0.2,0.2,0.2
L062-Q3,core/src/main/scala/kafka/network/SocketServer.scala:945,core/src/main/scala/kafka/network/SocketServer.scala,945,3,2,True,True,True,True,0.3333333333333333,0.3333333333333333,0.3333333333333333,0.3333333333333333
L063-Q1,core/src/main/scala/kafka/server/AbstractFetcherThread.scala:415,core/src/main/scala/kafka/server/AbstractFetcherThread.scala,415,32,4,False,False,False,False,0.0,0.0,0.0,0.0
L063-Q2,core/src/main/scala/kafka/server/AbstractFetcherThread.scala:415,core/src/main/scala/kafka/server/AbstractFetcherThread.scala,415,277,2,False,False,False,False,0.0,0.0,0.0,0.0
L063-Q3,core/src/main/scala/kafka/server/AbstractFetcherThread.scala:415,core/src/main/scala/kafka/server/AbstractFetcherThread.scala,415,206,3,False,False,False,False,0.0,0.0,0.0,0.0
L064-Q1,core/src/main/scala/kafka/server/DynamicBrokerConfig.scala:497,core/src/main/scala/kafka/server/DynamicBrokerConfig.scala,497,41,1,False,False,False,False,0.0,0.0,0.0,0.0
L064-Q2,core/src/main/scala/kafka/server/DynamicBrokerConfig.scala:497,core/src/main/scala/kafka/server/DynamicBrokerConfig.scala,497,2,1,True,True,True,True,0.5,0.5,0.5,0.5
L064-Q3,core/src/main/scala/kafka/server/DynamicBrokerConfig.scala:497,core/src/main/scala/kafka/server/DynamicBrokerConfig.scala,497,51,3,False,False,False,False,0.0,0.0,0.0,0.0
L065-Q1,core/src/main/scala/kafka/server/AbstractFetcherThread.scala:501,core/src/main/scala/kafka/server/AbstractFetcherThread.scala,501,695,3,False,False,False,False,0.0,0.0,0.0,0.0
L065-Q2,core/src/main/scala/kafka/server/AbstractFetcherThread.scala:501,core/src/main/scala/kafka/server/AbstractFetcherThread.scala,501,301,2,False,False,False,False,0.0,0.0,0.0,0.0
L065-Q3,core/src/main/scala/kafka/server/AbstractFetcherThread.scala:501,core/src/main/scala/kafka/server/AbstractFetcherThread.scala,501,730,2,False,False,False,False,0.0,0.0,0.0,0.0
L066-Q1,core/src/main/scala/kafka/server/BrokerLifecycleManager.scala:550,core/src/main/scala/kafka/server/BrokerLifecycleManager.scala,550,358,2,False,False,False,False,0.0,0.0,0.0,0.0
L066-Q2,core/src/main/scala/kafka/server/BrokerLifecycleManager.scala:550,core/src/main/scala/kafka/server/BrokerLifecycleManager.scala,550,358,1,False,False,False,False,0.0,0.0,0.0,0.0
L066-Q3,core/src/main/scala/kafka/server/BrokerLifecycleManager.scala:550,core/src/main/scala/kafka/server/BrokerLifecycleManager.scala,550,393,3,False,False,False,False,0.0,0.0,0.0,0.0
L067-Q1,core/src/main/scala/kafka/server/ConfigAdminManager.scala:368,core/src/main/scala/kafka/server/ConfigAdminManager.scala,368,5,1,True,True,True,True,0.2,0.2,0.2,0.2
L067-Q2,core/src/main/scala/kafka/server/ConfigAdminManager.scala:368,core/src/main/scala/kafka/server/ConfigAdminManager.scala,368,5,1,True,True,True,True,0.2,0.2,0.2,0.2
L067-Q3,core/src/main/scala/kafka/server/ConfigAdminManager.scala:368,core/src/main/scala/kafka/server/ConfigAdminManager.scala,368,36,3,False,False,False,False,0.0,0.0,0.0,0.0
L068-Q1,core/src/main/scala/kafka/server/SharedServer.scala:347,core/src/main/scala/kafka/server/SharedServer.scala,347,9,5,False,True,True,True,0.0,0.1111111111111111,0.1111111111111111,0.1111111111111111
L068-Q2,core/src/main/scala/kafka/server/SharedServer.scala:347,core/src/main/scala/kafka/server/SharedServer.scala,347,9,1,False,True,True,True,0.0,0.1111111111111111,0.1111111111111111,0.1111111111111111
L068-Q3,core/src/main/scala/kafka/server/SharedServer.scala:347,core/src/main/scala/kafka/server/SharedServer.scala,347,9,1,False,True,True,True,0.0,0.1111111111111111,0.1111111111111111,0.1111111111111111
L069-Q1,core/src/main/scala/kafka/server/KafkaRequestHandler.scala:149,core/src/main/scala/kafka/server/KafkaRequestHandler.scala,149,2,1,True,True,True,True,0.5,0.5,0.5,0.5
L069-Q2,core/src/main/scala/kafka/server/KafkaRequestHandler.scala:149,core/src/main/scala/kafka/server/KafkaRequestHandler.scala,149,383,3,False,False,False,False,0.0,0.0,0.0,0.0
L069-Q3,core/src/main/scala/kafka/server/KafkaRequestHandler.scala:149,core/src/main/scala/kafka/server/KafkaRequestHandler.scala,149,39,4,False,False,False,False,0.0,0.0,0.0,0.0
L070-Q1,core/src/main/scala/kafka/server/BrokerLifecycleManager.scala:496,core/src/main/scala/kafka/server/BrokerLifecycleManager.scala,496,8,3,False,True,True,True,0.0,0.125,0.125,0.125
L070-Q2,core/src/main/scala/kafka/server/BrokerLifecycleManager.scala:496,core/src/main/scala/kafka/server/BrokerLifecycleManager.scala,496,2,1,True,True,True,True,0.5,0.5,0.5,0.5
L070-Q3,core/src/main/scala/kafka/server/BrokerLifecycleManager.scala:496,core/src/main/scala/kafka/server/BrokerLifecycleManager.scala,496,8,4,False,True,True,True,0.0,0.125,0.125,0.125
L071-Q1,core/src/main/scala/kafka/server/BrokerLifecycleManager.scala:421,core/src/main/scala/kafka/server/BrokerLifecycleManager.scala,421,94,1,False,False,False,False,0.0,0.0,0.0,0.0
L071-Q2,core/src/main/scala/kafka/server/BrokerLifecycleManager.scala:421,core/src/main/scala/kafka/server/BrokerLifecycleManager.scala,421,94,1,False,False,False,False,0.0,0.0,0.0,0.0
L071-Q3,core/src/main/scala/kafka/server/BrokerLifecycleManager.scala:421,core/src/main/scala/kafka/server/BrokerLifecycleManager.scala,421,94,1,False,False,False,False,0.0,0.0,0.0,0.0
L072-Q1,core/src/main/scala/kafka/log/LogManager.scala:357,core/src/main/scala/kafka/log/LogManager.scala,357,38,2,False,False,False,False,0.0,0.0,0.0,0.0
L072-Q2,core/src/main/scala/kafka/log/LogManager.scala:357,core/src/main/scala/kafka/log/LogManager.scala,357,15,1,False,False,True,True,0.0,0.0,0.06666666666666667,0.06666666666666667
L072-Q3,core/src/main/scala/kafka/log/LogManager.scala:357,core/src/main/scala/kafka/log/LogManager.scala,357,154,3,False,False,False,False,0.0,0.0,0.0,0.0
L073-Q1,core/src/main/scala/kafka/server/BrokerServer.scala:729,core/src/main/scala/kafka/server/BrokerServer.scala,729,22,1,False,False,False,False,0.0,0.0,0.0,0.0
L073-Q2,core/src/main/scala/kafka/server/BrokerServer.scala:729,core/src/main/scala/kafka/server/BrokerServer.scala,729,38,4,False,False,False,False,0.0,0.0,0.0,0.0
L073-Q3,core/src/main/scala/kafka/server/BrokerServer.scala:729,core/src/main/scala/kafka/server/BrokerServer.scala,729,23,2,False,False,False,False,0.0,0.0,0.0,0.0
L074-Q1,core/src/main/scala/kafka/server/ControllerRegistrationManager.scala:246,core/src/main/scala/kafka/server/ControllerRegistrationManager.scala,246,19,1,False,False,False,True,0.0,0.0,0.0,0.05263157894736842
L074-Q2,core/src/main/scala/kafka/server/ControllerRegistrationManager.scala:246,core/src/main/scala/kafka/server/ControllerRegistrationManager.scala,246,190,3,False,False,False,False,0.0,0.0,0.0,0.0
L074-Q3,core/src/main/scala/kafka/server/ControllerRegistrationManager.scala:246,core/src/main/scala/kafka/server/ControllerRegistrationManager.scala,246,9,4,False,True,True,True,0.0,0.1111111111111111,0.1111111111111111,0.1111111111111111
L075-Q1,core/src/main/scala/kafka/server/AbstractFetcherThread.scala:677,core/src/main/scala/kafka/server/AbstractFetcherThread.scala,677,17,3,False,False,False,True,0.0,0.0,0.0,0.058823529411764705
L075-Q2,core/src/main/scala/kafka/server/AbstractFetcherThread.scala:677,core/src/main/scala/kafka/server/AbstractFetcherThread.scala,677,231,3,False,False,False,False,0.0,0.0,0.0,0.0
L075-Q3,core/src/main/scala/kafka/server/AbstractFetcherThread.scala:677,core/src/main/scala/kafka/server/AbstractFetcherThread.scala,677,13,1,False,False,True,True,0.0,0.0,0.07692307692307693,0.07692307692307693
L076-Q1,metadata/src/main/java/org/apache/kafka/controller/ReplicationControlManager.java:1300,metadata/src/main/java/org/apache/kafka/controller/ReplicationControlManager.java,1300,243,3,False,False,False,False,0.0,0.0,0.0,0.0
L076-Q2,metadata/src/main/java/org/apache/kafka/controller/ReplicationControlManager.java:1300,metadata/src/main/java/org/apache/kafka/controller/ReplicationControlManager.java,1300,111,1,False,False,False,False,0.0,0.0,0.0,0.0
L076-Q3,metadata/src/main/java/org/apache/kafka/controller/ReplicationControlManager.java:1300,metadata/src/main/java/org/apache/kafka/controller/ReplicationControlManager.java,1300,128,4,False,False,False,False,0.0,0.0,0.0,0.0
L077-Q1,metadata/src/main/java/org/apache/kafka/controller/ConfigurationControlManager.java:374,metadata/src/main/java/org/apache/kafka/controller/ConfigurationControlManager.java,374,996,2,False,False,False,False,0.0,0.0,0.0,0.0
L077-Q2,metadata/src/main/java/org/apache/kafka/controller/ConfigurationControlManager.java:374,metadata/src/main/java/org/apache/kafka/controller/ConfigurationControlManager.java,374,317,4,False,False,False,False,0.0,0.0,0.0,0.0
L077-Q3,metadata/src/main/java/org/apache/kafka/controller/ConfigurationControlManager.java:374,metadata/src/main/java/org/apache/kafka/controller/ConfigurationControlManager.java,374,636,3,False,False,False,False,0.0,0.0,0.0,0.0
L078-Q1,metadata/src/main/java/org/apache/kafka/controller/ReplicationControlManager.java:878,metadata/src/main/java/org/apache/kafka/controller/ReplicationControlManager.java,878,929,1,False,False,False,False,0.0,0.0,0.0,0.0
L078-Q2,metadata/src/main/java/org/apache/kafka/controller/ReplicationControlManager.java:878,metadata/src/main/java/org/apache/kafka/controller/ReplicationControlManager.java,878,72,0,False,False,False,False,0.0,0.0,0.0,0.0
L078-Q3,metadata/src/main/java/org/apache/kafka/controller/ReplicationControlManager.java:878,metadata/src/main/java/org/apache/kafka/controller/ReplicationControlManager.java,878,34,2,False,False,False,False,0.0,0.0,0.0,0.0
L079-Q1,metadata/src/main/java/org/apache/kafka/controller/ReplicationControlManager.java:1744,metadata/src/main/java/org/apache/kafka/controller/ReplicationControlManager.java,1744,1508,4,False,False,False,False,0.0,0.0,0.0,0.0
L079-Q2,metadata/src/main/java/org/apache/kafka/controller/ReplicationControlManager.java:1744,metadata/src/main/java/org/apache/kafka/controller/ReplicationControlManager.java,1744,1508,2,False,False,False,False,0.0,0.0,0.0,0.0
L079-Q3,metadata/src/main/java/org/apache/kafka/controller/ReplicationControlManager.java:1744,metadata/src/main/java/org/apache/kafka/controller/ReplicationControlManager.java,1744,1508,1,False,False,False,False,0.0,0.0,0.0,0.0
L080-Q1,metadata/src/main/java/org/apache/kafka/controller/ReplicationControlManager.java:1292,metadata/src/main/java/org/apache/kafka/controller/ReplicationControlManager.java,1292,32,1,False,False,False,False,0.0,0.0,0.0,0.0
L080-Q2,metadata/src/main/java/org/apache/kafka/controller/ReplicationControlManager.java:1292,metadata/src/main/java/org/apache/kafka/controller/ReplicationControlManager.java,1292,111,1,False,False,False,False,0.0,0.0,0.0,0.0
L080-Q3,metadata/src/main/java/org/apache/kafka/controller/ReplicationControlManager.java:1292,metadata/src/main/java/org/apache/kafka/controller/ReplicationControlManager.java,1292,32,1,False,False,False,False,0.0,0.0,0.0,0.0
L082-Q1,metadata/src/main/java/org/apache/kafka/controller/ReplicationControlManager.java:2411,metadata/src/main/java/org/apache/kafka/controller/ReplicationControlManager.java,2411,528,3,False,False,False,False,0.0,0.0,0.0,0.0
L082-Q2,metadata/src/main/java/org/apache/kafka/controller/ReplicationControlManager.java:2411,metadata/src/main/java/org/apache/kafka/controller/ReplicationControlManager.java,2411,31,3,False,False,False,False,0.0,0.0,0.0,0.0
L082-Q3,metadata/src/main/java/org/apache/kafka/controller/ReplicationControlManager.java:2411,metadata/src/main/java/org/apache/kafka/controller/ReplicationControlManager.java,2411,139,3,False,False,False,False,0.0,0.0,0.0,0.0
L083-Q1,metadata/src/main/java/org/apache/kafka/controller/ReplicationControlManager.java:1738,metadata/src/main/java/org/apache/kafka/controller/ReplicationControlManager.java,1738,1509,1,False,False,False,False,0.0,0.0,0.0,0.0
L083-Q2,metadata/src/main/java/org/apache/kafka/controller/ReplicationControlManager.java:1738,metadata/src/main/java/org/apache/kafka/controller/ReplicationControlManager.java,1738,1509,2,False,False,False,False,0.0,0.0,0.0,0.0
L083-Q3,metadata/src/main/java/org/apache/kafka/controller/ReplicationControlManager.java:1738,metadata/src/main/java/org/apache/kafka/controller/ReplicationControlManager.java,1738,1509,2,False,False,False,False,0.0,0.0,0.0,0.0
L085-Q1,metadata/src/main/java/org/apache/kafka/controller/ReplicationControlManager.java:1498,metadata/src/main/java/org/apache/kafka/controller/ReplicationControlManager.java,1498,2,4,True,True,True,True,0.5,0.5,0.5,0.5
L085-Q2,metadata/src/main/java/org/apache/kafka/controller/ReplicationControlManager.java:1498,metadata/src/main/java/org/apache/kafka/controller/ReplicationControlManager.java,1498,21,3,False,False,False,False,0.0,0.0,0.0,0.0
L085-Q3,metadata/src/main/java/org/apache/kafka/controller/ReplicationControlManager.java:1498,metadata/src/main/java/org/apache/kafka/controller/ReplicationControlManager.java,1498,350,4,False,False,False,False,0.0,0.0,0.0,0.0
L086-Q1,metadata/src/main/java/org/apache/kafka/controller/ReplicationControlManager.java:995,metadata/src/main/java/org/apache/kafka/controller/ReplicationControlManager.java,995,267,2,False,False,False,False,0.0,0.0,0.0,0.0
L086-Q2,metadata/src/main/java/org/apache/kafka/controller/ReplicationControlManager.java:995,metadata/src/main/java/org/apache/kafka/controller/ReplicationControlManager.java,995,491,1,False,False,False,False,0.0,0.0,0.0,0.0
L086-Q3,metadata/src/main/java/org/apache/kafka/controller/ReplicationControlManager.java:995,metadata/src/main/java/org/apache/kafka/controller/ReplicationControlManager.java,995,6,3,False,True,True,True,0.0,0.16666666666666666,0.16666666666666666,0.16666666666666666
L087-Q1,metadata/src/main/java/org/apache/kafka/controller/ReplicationControlManager.java:1799,metadata/src/main/java/org/apache/kafka/controller/ReplicationControlManager.java,1799,169,3,False,False,False,False,0.0,0.0,0.0,0.0
L087-Q2,metadata/src/main/java/org/apache/kafka/controller/ReplicationControlManager.java:1799,metadata/src/main/java/org/apache/kafka/controller/ReplicationControlManager.java,1799,1133,3,False,False,False,False,0.0,0.0,0.0,0.0
L087-Q3,metadata/src/main/java/org/apache/kafka/controller/ReplicationControlManager.java:1799,metadata/src/main/java/org/apache/kafka/controller/ReplicationControlManager.java,1799,2,2,True,True,True,True,0.5,0.5,0.5,0.5
L088-Q1,metadata/src/main/java/org/apache/kafka/controller/ReplicationControlManager.java:1823,metadata/src/main/java/org/apache/kafka/controller/ReplicationControlManager.java,1823,254,2,False,False,False,False,0.0,0.0,0.0,0.0
L088-Q2,metadata/src/main/java/org/apache/kafka/controller/ReplicationControlManager.java:1823,metadata/src/main/java/org/apache/kafka/controller/ReplicationControlManager.java,1823,401,1,False,False,False,False,0.0,0.0,0.0,0.0
L088-Q3,metadata/src/main/java/org/apache/kafka/controller/ReplicationControlManager.java:1823,metadata/src/main/java/org/apache/kafka/controller/ReplicationControlManager.java,1823,2,2,True,True,True,True,0.5,0.5,0.5,0.5
L089-Q1,metadata/src/main/java/org/apache/kafka/controller/ReplicationControlManager.java:1660,metadata/src/main/java/org/apache/kafka/controller/ReplicationControlManager.java,1660,1302,2,False,False,False,False,0.0,0.0,0.0,0.0
L089-Q2,metadata/src/main/java/org/apache/kafka/controller/ReplicationControlManager.java:1660,metadata/src/main/java/org/apache/kafka/controller/ReplicationControlManager.java,1660,84,1,False,False,False,False,0.0,0.0,0.0,0.0
L089-Q3,metadata/src/main/java/org/apache/kafka/controller/ReplicationControlManager.java:1660,metadata/src/main/java/org/apache/kafka/controller/ReplicationControlManager.java,1660,1120,3,False,False,False,False,0.0,0.0,0.0,0.0
L090-Q1,metadata/src/main/java/org/apache/kafka/controller/ReplicationControlManager.java:2285,metadata/src/main/java/org/apache/kafka/controller/ReplicationControlManager.java,2285,286,3,False,False,False,False,0.0,0.0,0.0,0.0
L090-Q2,metadata/src/main/java/org/apache/kafka/controller/ReplicationControlManager.java:2285,metadata/src/main/java/org/apache/kafka/controller/ReplicationControlManager.java,2285,811,1,False,False,False,False,0.0,0.0,0.0,0.0
L090-Q3,metadata/src/main/java/org/apache/kafka/controller/ReplicationControlManager.java:2285,metadata/src/main/java/org/apache/kafka/controller/ReplicationControlManager.java,2285,353,2,False,False,False,False,0.0,0.0,0.0,0.0
L091-Q1,metadata/src/main/java/org/apache/kafka/controller/QuorumController.java:1067,metadata/src/main/java/org/apache/kafka/controller/QuorumController.java,1067,1085,1,False,False,False,False,0.0,0.0,0.0,0.0
L091-Q2,metadata/src/main/java/org/apache/kafka/controller/QuorumController.java:1067,metadata/src/main/java/org/apache/kafka/controller/QuorumController.java,1067,1019,1,False,False,False,False,0.0,0.0,0.0,0.0
L091-Q3,metadata/src/main/java/org/apache/kafka/controller/QuorumController.java:1067,metadata/src/main/java/org/apache/kafka/controller/QuorumController.java,1067,891,2,False,False,False,False,0.0,0.0,0.0,0.0
L092-Q1,metadata/src/main/java/org/apache/kafka/controller/EventPerformanceMonitor.java:142,metadata/src/main/java/org/apache/kafka/controller/EventPerformanceMonitor.java,142,187,4,False,False,False,False,0.0,0.0,0.0,0.0
L092-Q2,metadata/src/main/java/org/apache/kafka/controller/EventPerformanceMonitor.java:142,metadata/src/main/java/org/apache/kafka/controller/EventPerformanceMonitor.java,142,366,1,False,False,False,False,0.0,0.0,0.0,0.0
L092-Q3,metadata/src/main/java/org/apache/kafka/controller/EventPerformanceMonitor.java:142,metadata/src/main/java/org/apache/kafka/controller/EventPerformanceMonitor.java,142,444,2,False,False,False,False,0.0,0.0,0.0,0.0
L093-Q1,metadata/src/main/java/org/apache/kafka/controller/FeatureControlManager.java:403,metadata/src/main/java/org/apache/kafka/controller/FeatureControlManager.java,403,2,2,True,True,True,True,0.5,0.5,0.5,0.5
L093-Q2,metadata/src/main/java/org/apache/kafka/controller/FeatureControlManager.java:403,metadata/src/main/java/org/apache/kafka/controller/FeatureControlManager.java,403,2,1,True,True,True,True,0.5,0.5,0.5,0.5
L093-Q3,metadata/src/main/java/org/apache/kafka/controller/FeatureControlManager.java:403,metadata/src/main/java/org/apache/kafka/controller/FeatureControlManager.java,403,6,3,False,True,True,True,0.0,0.16666666666666666,0.16666666666666666,0.16666666666666666
L094-Q1,metadata/src/main/java/org/apache/kafka/controller/ReplicationControlManager.java:2271,metadata/src/main/java/org/apache/kafka/controller/ReplicationControlManager.java,2271,10,4,False,True,True,True,0.0,0.1,0.1,0.1
L094-Q2,metadata/src/main/java/org/apache/kafka/controller/ReplicationControlManager.java:2271,metadata/src/main/java/org/apache/kafka/controller/ReplicationControlManager.java,2271,35,4,False,False,False,False,0.0,0.0,0.0,0.0
L094-Q3,metadata/src/main/java/org/apache/kafka/controller/ReplicationControlManager.java:2271,metadata/src/main/java/org/apache/kafka/controller/ReplicationControlManager.java,2271,91,3,False,False,False,False,0.0,0.0,0.0,0.0
L095-Q1,metadata/src/main/java/org/apache/kafka/controller/ReplicationControlManager.java:2282,metadata/src/main/java/org/apache/kafka/controller/ReplicationControlManager.java,2282,350,3,False,False,False,False,0.0,0.0,0.0,0.0
L095-Q2,metadata/src/main/java/org/apache/kafka/controller/ReplicationControlManager.java:2282,metadata/src/main/java/org/apache/kafka/controller/ReplicationControlManager.java,2282,275,3,False,False,False,False,0.0,0.0,0.0,0.0
L095-Q3,metadata/src/main/java/org/apache/kafka/controller/ReplicationControlManager.java:2282,metadata/src/main/java/org/apache/kafka/controller/ReplicationControlManager.java,2282,641,5,False,False,False,False,0.0,0.0,0.0,0.0
L096-Q1,metadata/src/main/java/org/apache/kafka/controller/QuorumController.java:1071,metadata/src/main/java/org/apache/kafka/controller/QuorumController.java,1071,1358,4,False,False,False,False,0.0,0.0,0.0,0.0
L096-Q2,metadata/src/main/java/org/apache/kafka/controller/QuorumController.java:1071,metadata/src/main/java/org/apache/kafka/controller/QuorumController.java,1071,1200,2,False,False,False,False,0.0,0.0,0.0,0.0
L096-Q3,metadata/src/main/java/org/apache/kafka/controller/QuorumController.java:1071,metadata/src/main/java/org/apache/kafka/controller/QuorumController.java,1071,1477,1,False,False,False,False,0.0,0.0,0.0,0.0
L097-Q1,core/src/main/scala/kafka/log/LogManager.scala:1167,core/src/main/scala/kafka/log/LogManager.scala,1167,3,1,True,True,True,True,0.3333333333333333,0.3333333333333333,0.3333333333333333,0.3333333333333333
L097-Q2,core/src/main/scala/kafka/log/LogManager.scala:1167,core/src/main/scala/kafka/log/LogManager.scala,1167,3,2,True,True,True,True,0.3333333333333333,0.3333333333333333,0.3333333333333333,0.3333333333333333
L097-Q3,core/src/main/scala/kafka/log/LogManager.scala:1167,core/src/main/scala/kafka/log/LogManager.scala,1167,3,1,True,True,True,True,0.3333333333333333,0.3333333333333333,0.3333333333333333,0.3333333333333333
L098-Q1,core/src/main/scala/kafka/server/ReplicaManager.scala:1871,core/src/main/scala/kafka/server/ReplicaManager.scala,1871,9,3,False,True,True,True,0.0,0.1111111111111111,0.1111111111111111,0.1111111111111111
L098-Q2,core/src/main/scala/kafka/server/ReplicaManager.scala:1871,core/src/main/scala/kafka/server/ReplicaManager.scala,1871,402,1,False,False,False,False,0.0,0.0,0.0,0.0
L098-Q3,core/src/main/scala/kafka/server/ReplicaManager.scala:1871,core/src/main/scala/kafka/server/ReplicaManager.scala,1871,327,1,False,False,False,False,0.0,0.0,0.0,0.0
L099-Q1,core/src/main/scala/kafka/server/KafkaConfig.scala:554,core/src/main/scala/kafka/server/KafkaConfig.scala,554,592,1,False,False,False,False,0.0,0.0,0.0,0.0
L099-Q2,core/src/main/scala/kafka/server/KafkaConfig.scala:554,core/src/main/scala/kafka/server/KafkaConfig.scala,554,535,2,False,False,False,False,0.0,0.0,0.0,0.0
L099-Q3,core/src/main/scala/kafka/server/KafkaConfig.scala:554,core/src/main/scala/kafka/server/KafkaConfig.scala,554,740,3,False,False,False,False,0.0,0.0,0.0,0.0
L100-Q1,core/src/main/scala/kafka/server/AlterPartitionManager.scala:144,core/src/main/scala/kafka/server/AlterPartitionManager.scala,144,1363,3,False,False,False,False,0.0,0.0,0.0,0.0
L100-Q2,core/src/main/scala/kafka/server/AlterPartitionManager.scala:144,core/src/main/scala/kafka/server/AlterPartitionManager.scala,144,2,3,True,True,True,True,0.5,0.5,0.5,0.5
L100-Q3,core/src/main/scala/kafka/server/AlterPartitionManager.scala:144,core/src/main/scala/kafka/server/AlterPartitionManager.scala,144,1442,1,False,False,False,False,0.0,0.0,0.0,0.0
KAFKA-19586-Q1,metadata/src/main/java/org/apache/kafka/controller/ReplicationControlManager.java:1698,metadata/src/main/java/org/apache/kafka/controller/ReplicationControlManager.java,1698,514,1,False,False,False,False,0.0,0.0,0.0,0.0
KAFKA-19586-Q2,metadata/src/main/java/org/apache/kafka/controller/ReplicationControlManager.java:1698,metadata/src/main/java/org/apache/kafka/controller/ReplicationControlManager.java,1698,992,1,False,False,False,False,0.0,0.0,0.0,0.0
KAFKA-19586-Q3,metadata/src/main/java/org/apache/kafka/controller/ReplicationControlManager.java:1698,metadata/src/main/java/org/apache/kafka/controller/ReplicationControlManager.java,1698,90,3,False,False,False,False,0.0,0.0,0.0,0.0
KAFKA-9877-RM-Q1,core/src/main/scala/kafka/server/ReplicaManager.scala:2172,core/src/main/scala/kafka/server/ReplicaManager.scala,2172,624,1,False,False,False,False,0.0,0.0,0.0,0.0
KAFKA-9877-RM-Q2,core/src/main/scala/kafka/server/ReplicaManager.scala:2172,core/src/main/scala/kafka/server/ReplicaManager.scala,2172,326,1,False,False,False,False,0.0,0.0,0.0,0.0
KAFKA-9877-RM-Q3,core/src/main/scala/kafka/server/ReplicaManager.scala:2172,core/src/main/scala/kafka/server/ReplicaManager.scala,2172,351,2,False,False,False,False,0.0,0.0,0.0,0.0
KAFKA-9877-AF-Q2,core/src/main/scala/kafka/server/AbstractFetcherManager.scala:203,core/src/main/scala/kafka/server/AbstractFetcherManager.scala,203,10,4,False,True,True,True,0.0,0.1,0.1,0.1
KAFKA-9877-LM-Q1,core/src/main/scala/kafka/log/LogManager.scala:228,core/src/main/scala/kafka/log/LogManager.scala,228,88,2,False,False,False,False,0.0,0.0,0.0,0.0
KAFKA-9877-LM-Q2,core/src/main/scala/kafka/log/LogManager.scala:228,core/src/main/scala/kafka/log/LogManager.scala,228,19,1,False,False,False,True,0.0,0.0,0.0,0.05263157894736842
KAFKA-9357-Q1,clients/src/main/java/org/apache/kafka/clients/FetchSessionHandler.java:618,clients/src/main/java/org/apache/kafka/clients/FetchSessionHandler.java,618,115,1,False,False,False,False,0.0,0.0,0.0,0.0
KAFKA-9357-Q2,clients/src/main/java/org/apache/kafka/clients/FetchSessionHandler.java:618,clients/src/main/java/org/apache/kafka/clients/FetchSessionHandler.java,618,177,2,False,False,False,False,0.0,0.0,0.0,0.0
KAFKA-9357-Q3,clients/src/main/java/org/apache/kafka/clients/FetchSessionHandler.java:618,clients/src/main/java/org/apache/kafka/clients/FetchSessionHandler.java,618,13,3,False,False,True,True,0.0,0.0,0.07692307692307693,0.07692307692307693
KAFKA-8046-Q1,core/src/main/scala/kafka/log/LogManager.scala:228,core/src/main/scala/kafka/log/LogManager.scala,228,1092,1,False,False,False,False,0.0,0.0,0.0,0.0
KAFKA-8046-Q2,core/src/main/scala/kafka/log/LogManager.scala:228,core/src/main/scala/kafka/log/LogManager.scala,228,19,1,False,False,False,True,0.0,0.0,0.0,0.05263157894736842
KAFKA-13960-Q1,core/src/main/scala/kafka/log/LogManager.scala:228,core/src/main/scala/kafka/log/LogManager.scala,228,1092,1,False,False,False,False,0.0,0.0,0.0,0.0
KAFKA-13960-Q2,core/src/main/scala/kafka/log/LogManager.scala:228,core/src/main/scala/kafka/log/LogManager.scala,228,19,1,False,False,False,True,0.0,0.0,0.0,0.05263157894736842
KAFKA-9016-Q3,core/src/main/scala/kafka/server/ReplicaManager.scala:2172,core/src/main/scala/kafka/server/ReplicaManager.scala,2172,333,2,False,False,False,False,0.0,0.0,0.0,0.0
KAFKA-13317-Q1,clients/src/main/java/org/apache/kafka/clients/FetchSessionHandler.java:618,clients/src/main/java/org/apache/kafka/clients/FetchSessionHandler.java,618,44,2,False,False,False,False,0.0,0.0,0.0,0.0
KAFKA-13317-Q2,clients/src/main/java/org/apache/kafka/clients/FetchSessionHandler.java:618,clients/src/main/java/org/apache/kafka/clients/FetchSessionHandler.java,618,273,2,False,False,False,False,0.0,0.0,0.0,0.0
KAFKA-13317-Q3,clients/src/main/java/org/apache/kafka/clients/FetchSessionHandler.java:618,clients/src/main/java/org/apache/kafka/clients/FetchSessionHandler.java,618,65,2,False,False,False,False,0.0,0.0,0.0,0.0
KAFKA-7802-Q2,clients/src/main/java/org/apache/kafka/clients/FetchSessionHandler.java:618,clients/src/main/java/org/apache/kafka/clients/FetchSessionHandler.java,618,136,2,False,False,False,False,0.0,0.0,0.0,0.0
